Date,Name,Year,Letterboxd URI,Rating
2023-07-27,The Fox and the Hound,1981,https://boxd.it/1V0o,3.5
2023-07-27,Spy Kids 3-D: Game Over,2003,https://boxd.it/1S7w,3
2023-07-27,Spirit: Stallion of the Cimarron,2002,https://boxd.it/1Zmo,4
2023-07-27,The Land Before Time,1988,https://boxd.it/1Sr2,3.5
2023-07-27,Avatar Spirits,2010,https://boxd.it/8vKa,4
2023-07-27,Radiohead: In Rainbows - From the Basement,2008,https://boxd.it/g7G,3.5
2023-07-27,The Birdcage,1996,https://boxd.it/1UTi,3
2023-07-27,Big Eyes,2014,https://boxd.it/36ms,3.5
2023-07-27,The Omen,1976,https://boxd.it/29By,2.5
2023-07-27,Diary of a Wimpy Kid,2010,https://boxd.it/1fUa,2.5
2023-07-27,Serpico,1973,https://boxd.it/1ZjE,3.5
2023-07-27,Cowboy Bebop,1998,https://boxd.it/ptES,4.5
2023-07-27,Detachment,2011,https://boxd.it/2BiY,4.5
2023-07-27,Blazing Saddles,1974,https://boxd.it/1UHQ,3
2023-07-27,The Naked Gun: From the Files of Police Squad!,1988,https://boxd.it/18YE,3
2023-07-27,The Cat in the Hat,2003,https://boxd.it/1VSU,3
2023-07-27,Rocky IV,1985,https://boxd.it/28T2,3.5
2023-07-27,Ice Age: Dawn of the Dinosaurs,2009,https://boxd.it/20iC,3.5
2023-07-27,Rocky II,1979,https://boxd.it/28Ua,4
2023-07-27,The Great Dictator,1940,https://boxd.it/29ic,4
2023-07-27,Alvin and the Chipmunks,2007,https://boxd.it/21E0,2
2023-07-27,A Cure for Wellness,2016,https://boxd.it/bkQW,3.5
2023-07-27,The Artist,2011,https://boxd.it/2AwK,4.5
2023-07-27,Dumbo,1941,https://boxd.it/1U2o,3.5
2023-07-27,Spy Kids,2001,https://boxd.it/1Xcw,3
2023-07-27,Fast & Furious,2009,https://boxd.it/1Pnm,3.5
2023-07-27,Liar Liar,1997,https://boxd.it/28sg,3.5
2023-07-27,Peter Pan,1953,https://boxd.it/1VCC,3
2023-07-27,Gerald's Game,2017,https://boxd.it/buKa,3.5
2023-07-27,Terrifier,2016,https://boxd.it/eRzg,2
2023-07-27,Saw II,2005,https://boxd.it/2aRs,4
2023-07-27,The Jungle Book,1967,https://boxd.it/1YY2,3.5
2023-07-27,Troy,2004,https://boxd.it/29TW,3.5
2023-07-27,The Danish Girl,2015,https://boxd.it/9Ohy,2.5
2023-07-27,The Two Popes,2019,https://boxd.it/k8Xk,3.5
2023-07-27,The Holy Mountain,1973,https://boxd.it/20mu,4.5
2023-07-27,Limitless,2011,https://boxd.it/Aly,3
2023-07-27,The Ritual,2017,https://boxd.it/fo0I,3.5
2023-07-27,Brother Bear,2003,https://boxd.it/1Xjs,3.5
2023-07-27,Hook,1991,https://boxd.it/29nQ,2.5
2023-07-27,"Salò, or the 120 Days of Sodom",1975,https://boxd.it/237s,3.5
2023-07-27,Cars 3,2017,https://boxd.it/7IPq,4
2023-07-27,Jurassic Park III,2001,https://boxd.it/2azI,2.5
2023-07-27,The Untouchables,1987,https://boxd.it/2b6i,3.5
2023-07-27,Chicken Little,2005,https://boxd.it/1Xnu,2
2023-07-27,The Prince of Egypt,1998,https://boxd.it/1XGQ,4
2023-07-27,Straight Outta Compton,2015,https://boxd.it/8rMc,4
2023-07-27,Fantasia,1940,https://boxd.it/29HG,4.5
2023-07-27,Dumb and Dumber,1994,https://boxd.it/206m,3
2023-07-27,Pinocchio,1940,https://boxd.it/1V8C,3.5
2023-07-27,The Fast and the Furious: Tokyo Drift,2006,https://boxd.it/1Yeo,3.5
2023-07-27,"Crouching Tiger, Hidden Dragon",2000,https://boxd.it/2b1M,3.5
2023-07-27,The Room,2003,https://boxd.it/1ICY,2
2023-07-27,The Talented Mr. Ripley,1999,https://boxd.it/2924,4
2023-07-27,Silence,2016,https://boxd.it/2cAo,4
2023-07-27,Project X,2012,https://boxd.it/neO,2.5
2023-07-27,The Skin I Live In,2011,https://boxd.it/99A,4.5
2023-07-27,Sinister,2012,https://boxd.it/2TnW,4
2023-07-27,Hellraiser,1987,https://boxd.it/1Zpi,3
2023-07-27,Tarzan,1999,https://boxd.it/18YO,3.5
2023-07-27,Bee Movie,2007,https://boxd.it/22Vw,2
2023-07-27,The Simpsons Movie,2007,https://boxd.it/6YU,2.5
2023-07-27,Braveheart,1995,https://boxd.it/2aTI,4
2023-07-27,Vice,2018,https://boxd.it/fcFY,3.5
2023-07-27,The Boy in the Striped Pyjamas,2008,https://boxd.it/1NOK,4
2023-07-27,Cloudy with a Chance of Meatballs,2009,https://boxd.it/1A40,3
2023-07-27,Under the Silver Lake,2018,https://boxd.it/dSAs,3
2023-07-27,Sweeney Todd: The Demon Barber of Fleet Street,2007,https://boxd.it/1PcS,3.5
2023-07-27,Willy Wonka & the Chocolate Factory,1971,https://boxd.it/2aLu,3.5
2023-07-27,300,2006,https://boxd.it/28XI,3
2023-07-27,The Fifth Element,1997,https://boxd.it/71k,2.5
2023-07-27,Transformers,2007,https://boxd.it/280c,2.5
2023-07-27,Fear and Loathing in Las Vegas,1998,https://boxd.it/27Xs,4.5
2023-07-27,The King's Speech,2010,https://boxd.it/dX0,4
2023-07-27,Insidious,2010,https://boxd.it/H4k,3.5
2023-07-27,Lucy,2014,https://boxd.it/75hu,3
2023-07-27,The Polar Express,2004,https://boxd.it/23am,3.5
2023-07-27,The Mask,1994,https://boxd.it/29rS,3
2023-07-27,Amadeus,1984,https://boxd.it/2aH8,3.5
2023-07-27,The Parent Trap,1998,https://boxd.it/1XJq,2.5
2023-07-27,A Beautiful Mind,2001,https://boxd.it/2amk,4
2023-07-27,Back to the Future Part III,1990,https://boxd.it/2aTS,2
2023-07-27,I Am Legend,2007,https://boxd.it/21DG,3
2023-07-27,The Pursuit of Happyness,2006,https://boxd.it/28PE,3.5
2023-07-27,Life Is Beautiful,1997,https://boxd.it/29Wm,5
2023-07-27,Hidden Figures,2016,https://boxd.it/dgS4,3.5
2023-07-27,The Secret Life of Walter Mitty,2013,https://boxd.it/3SWy,3
2023-07-27,A Bug's Life,1998,https://boxd.it/1Yyy,3.5
2023-07-27,How the Grinch Stole Christmas,2000,https://boxd.it/1ZHQ,3
2023-07-27,Big Fish,2003,https://boxd.it/2a3M,3.5
2023-07-27,Madagascar,2005,https://boxd.it/29dc,2.5
2023-07-27,Home Alone 2: Lost in New York,1992,https://boxd.it/29F6,3
2023-07-27,The Iron Giant,1999,https://boxd.it/1Wow,4
2023-07-27,Zoolander,2001,https://boxd.it/1YMA,2.5
2023-07-27,Ice Age,2002,https://boxd.it/2apS,3.5
2023-07-27,Slumdog Millionaire,2008,https://boxd.it/1S3E,4
2023-07-27,Minions: The Rise of Gru,2022,https://boxd.it/fz9w,2
2023-07-27,The Blair Witch Project,1999,https://boxd.it/26ua,4.5
2023-07-27,Raging Bull,1980,https://boxd.it/28yI,3.5
2023-07-27,Elf,2003,https://boxd.it/1VyK,3.5
2023-07-27,Men in Black,1997,https://boxd.it/2a0I,3
2023-07-27,The Emperor's New Groove,2000,https://boxd.it/1Tey,3.5
2023-07-27,Monty Python and the Holy Grail,1975,https://boxd.it/29GI,4
2023-07-27,Climax,2018,https://boxd.it/ikvo,4.5
2023-07-27,The Babadook,2014,https://boxd.it/77xu,3.5
2023-07-27,Lilo & Stitch,2002,https://boxd.it/1TAY,3
2023-07-27,Creed,2015,https://boxd.it/a2qk,3
2023-07-27,The Platform,2019,https://boxd.it/mUm6,3.5
2023-07-27,Pirates of the Caribbean: Dead Man's Chest,2006,https://boxd.it/2bfk,4
2023-07-27,Rocky,1976,https://boxd.it/28Uk,4
2023-07-27,Raw,2016,https://boxd.it/dLd2,3
2023-07-27,Groundhog Day,1993,https://boxd.it/2b3e,3.5
2023-07-27,Back to the Future Part II,1989,https://boxd.it/2aYI,4
2023-07-27,La Haine,1995,https://boxd.it/2as8,4.5
2023-07-27,Come and See,1985,https://boxd.it/1w9q,5
2023-07-27,Fallen Angels,1995,https://boxd.it/1UkW,4.5
2023-07-27,Green Book,2018,https://boxd.it/hErk,3.5
2023-07-27,The Queen's Gambit,2020,https://boxd.it/s1Ym,3.5
2023-07-27,Corpse Bride,2005,https://boxd.it/24WQ,3.5
2023-07-27,Suspiria,2018,https://boxd.it/cioI,2.5
2023-07-27,Kung Fu Panda,2008,https://boxd.it/1Yws,3.5
2023-07-27,Ponyo,2008,https://boxd.it/1S0A,3
2023-07-27,V for Vendetta,2005,https://boxd.it/29Ik,3.5
2023-07-27,Beau Is Afraid,2023,https://boxd.it/u2gE,4.5
2023-07-27,Akira,1988,https://boxd.it/2b1i,4.5
2023-07-27,The Hangover,2009,https://boxd.it/1GjK,2.5
2023-07-27,Ready Player One,2018,https://boxd.it/aZes,3
2023-07-27,How to Train Your Dragon,2010,https://boxd.it/1WRy,3.5
2023-07-27,Room,2015,https://boxd.it/7T0y,4
2023-07-27,The Imitation Game,2014,https://boxd.it/6aig,4
2023-07-27,Gladiator,2000,https://boxd.it/2b9m,4
2023-07-27,Full Metal Jacket,1987,https://boxd.it/2a1Q,4.5
2023-07-27,The Pianist,2002,https://boxd.it/2aqc,4.5
2023-07-27,Guillermo del Toro's Pinocchio,2022,https://boxd.it/kjMW,4
2023-07-27,Annihilation,2018,https://boxd.it/9yzm,3.5
2023-07-27,Spider-Man 3,2007,https://boxd.it/2a7Y,3
2023-07-27,Toy Story 2,1999,https://boxd.it/29qq,3.5
2023-07-27,Star Wars: Episode II – Attack of the Clones,2002,https://boxd.it/27V2,3
2023-07-27,Eyes Wide Shut,1999,https://boxd.it/2axs,4.5
2023-07-27,12 Angry Men,1957,https://boxd.it/2auI,5
2023-07-27,Isle of Dogs,2018,https://boxd.it/dZrW,4
2023-07-27,Sound of Metal,2019,https://boxd.it/i7Q4,4
2023-07-27,"tick, tick... BOOM!",2021,https://boxd.it/jz2e,3.5
2023-07-27,Edward Scissorhands,1990,https://boxd.it/2aZc,3.5
2023-07-27,Pirates of the Caribbean: The Curse of the Black Pearl,2003,https://boxd.it/70G,3
2023-07-27,The Irishman,2019,https://boxd.it/dYOq,3.5
2023-07-27,Scarface,1983,https://boxd.it/2b7g,4
2023-07-27,Shrek 2,2004,https://boxd.it/29z8,4.5
2023-07-27,Trainspotting,1996,https://boxd.it/29XY,4.5
2023-07-27,Ferris Bueller's Day Off,1986,https://boxd.it/1YPY,3
2023-07-27,Princess Mononoke,1997,https://boxd.it/2b4w,3.5
2023-07-27,BlacKkKlansman,2018,https://boxd.it/hxL8,4
2023-07-27,Schindler's List,1993,https://boxd.it/2aq2,4.5
2023-07-27,Superbad,2007,https://boxd.it/20hO,3.5
2023-07-27,Return of the Jedi,1983,https://boxd.it/27Vm,3.5
2023-07-27,Birdman or (The Unexpected Virtue of Ignorance),2014,https://boxd.it/5RFA,4
2023-07-27,Requiem for a Dream,2000,https://boxd.it/29VI,4.5
2023-07-27,The Prestige,2006,https://boxd.it/293w,4.5
2023-07-27,Jaws,1975,https://boxd.it/2a5e,3.5
2023-07-27,Home Alone,1990,https://boxd.it/29Fg,3.5
2023-07-27,The Lion King,1994,https://boxd.it/201Q,5
2023-07-27,The Hunger Games,2012,https://boxd.it/2uds,3
2023-07-27,"Monsters, Inc.",2001,https://boxd.it/2a46,3.5
2023-07-27,Spider-Man 2,2004,https://boxd.it/2a88,3.5
2023-07-27,The Lord of the Rings: The Two Towers,2002,https://boxd.it/2b5E,4.5
2023-07-27,Shrek,2001,https://boxd.it/29zi,3.5
2023-07-27,Finding Nemo,2003,https://boxd.it/72i,3.5
2023-07-27,My Neighbor Totoro,1988,https://boxd.it/20eA,3.5
2023-07-27,A Clockwork Orange,1971,https://boxd.it/2aVE,4
2023-07-27,(500) Days of Summer,2009,https://boxd.it/1EmM,3
2023-07-27,Jurassic Park,1993,https://boxd.it/2aA2,3.5
2023-07-27,Toy Story,1995,https://boxd.it/29qA,3.5
2023-07-27,Spider-Man,2002,https://boxd.it/2a8i,3.5
2023-07-27,Marriage Story,2019,https://boxd.it/hJAw,3.5
2023-07-27,Howl's Moving Castle,2004,https://boxd.it/23De,4
2023-07-27,Guardians of the Galaxy Vol. 3,2023,https://boxd.it/fVNI,3.5
2023-07-27,Puss in Boots: The Last Wish,2022,https://boxd.it/aaie,3.5
2023-07-27,The Empire Strikes Back,1980,https://boxd.it/27Vw,3.5
2023-07-27,Good Will Hunting,1997,https://boxd.it/2ahY,4
2023-07-27,Nightcrawler,2014,https://boxd.it/780m,3.5
2023-07-27,Back to the Future,1985,https://boxd.it/2b8e,3.5
2023-07-27,Up,2009,https://boxd.it/1OEc,3
2023-07-27,Dead Poets Society,1989,https://boxd.it/2aSg,4.5
2023-07-27,Donnie Darko,2001,https://boxd.it/2b2A,4.5
2023-07-27,Moonlight,2016,https://boxd.it/d6bE,4
2023-07-27,Uncut Gems,2019,https://boxd.it/gXGc,4
2023-07-27,The Shawshank Redemption,1994,https://boxd.it/2aHi,4.5
2023-07-27,Spider-Man: Homecoming,2017,https://boxd.it/aboM,2.5
2023-07-27,Taxi Driver,1976,https://boxd.it/2b8y,4.5
2023-07-27,The Matrix,1999,https://boxd.it/2a1m,4.5
2023-07-27,The Silence of the Lambs,1991,https://boxd.it/2aHW,4
2023-07-27,Hereditary,2018,https://boxd.it/hNVe,4
2023-07-27,The Social Network,2010,https://boxd.it/17ue,3.5
2023-07-27,Django Unchained,2012,https://boxd.it/2cCk,4
2023-07-27,Her,2013,https://boxd.it/4O24,4.5
2023-07-27,Forrest Gump,1994,https://boxd.it/728,4
2023-07-27,Inglourious Basterds,2009,https://boxd.it/1JzG,3.5
2023-07-27,Spirited Away,2001,https://boxd.it/2b4m,4
2023-07-27,Once Upon a Time... in Hollywood,2019,https://boxd.it/gH0O,3.5
2023-07-27,The Truman Show,1998,https://boxd.it/18U8,4
2023-07-27,The Wolf of Wall Street,2013,https://boxd.it/3C1m,4
2023-07-27,American Psycho,2000,https://boxd.it/28Vs,2.5
2023-07-27,The Grand Budapest Hotel,2014,https://boxd.it/3ZqO,4
2023-07-27,Inception,2010,https://boxd.it/1skk,4
2023-07-27,Interstellar,2014,https://boxd.it/4VZ8,4
2023-07-27,Pulp Fiction,1994,https://boxd.it/29Pq,3.5
2023-07-27,Knives Out,2019,https://boxd.it/jWEA,3.5
2023-07-27,Joker,2019,https://boxd.it/h4cS,4
2023-07-27,The Incredibles,2004,https://boxd.it/1XLm,4.5
2023-07-27,Thirteen,2003,https://boxd.it/1UPK,4.5
2023-07-27,Rocky III,1982,https://boxd.it/28Tw,4.5
2023-07-27,Spider-Man: Into the Spider-Verse,2018,https://boxd.it/azpY,4
2023-07-27,Cars,2006,https://boxd.it/29ho,3.5
2023-07-28,Lady Bird,2017,https://boxd.it/dGNE,3.5
2023-07-29,Attack on Titan: Chronicle,2020,https://boxd.it/qJw8,4
2023-07-29,The Machinist,2004,https://boxd.it/248c,3.5
2023-07-30,The Chorus,2004,https://boxd.it/22X8,5
2023-07-30,There Will Be Blood,2007,https://boxd.it/20Z2,4
2023-07-30,Se7en,1995,https://boxd.it/29zs,3
2023-08-01,Apocalypto,2006,https://boxd.it/28yy,3.5
2023-08-02,Portrait of a Lady on Fire,2019,https://boxd.it/jkPq,4
2023-08-03,The Notebook,2004,https://boxd.it/1UNE,3
2023-08-17,Catch Me If You Can,2002,https://boxd.it/29VS,4
2023-08-19,Your Name.,2016,https://boxd.it/cUqs,4
2023-08-21,The Virgin Suicides,1999,https://boxd.it/28JG,3
2023-08-22,My Name Is Khan,2010,https://boxd.it/1uD4,4
2023-08-28,Oldboy,2003,https://boxd.it/29R2,4.5
2023-09-04,Kiki's Delivery Service,1989,https://boxd.it/1JAY,3.5
2023-09-05,RRR,2022,https://boxd.it/ljDs,4
2023-09-18,Elemental,2023,https://boxd.it/ASiE,3.5
2023-09-18,Megamind,2010,https://boxd.it/16Sk,3
2023-09-26,Stand and Deliver,1988,https://boxd.it/1o5g,4
2023-10-02,Psycho,1960,https://boxd.it/2ab2,4.5
2023-10-14,The Boogeyman,2023,https://boxd.it/jnna,3
2023-10-15,[REC],2007,https://boxd.it/20ma,3.5
2023-10-16,His House,2020,https://boxd.it/l8Qq,3.5
2023-10-16,Nope,2022,https://boxd.it/sDCe,4
2023-10-17,Hocus Pocus,1993,https://boxd.it/1Wgi,3.5
2023-10-18,The Texas Chain Saw Massacre,1974,https://boxd.it/1lcS,4.5
2023-10-19,A Nightmare on Elm Street,1984,https://boxd.it/2aw0,4
2023-10-19,Grave Encounters,2011,https://boxd.it/D1G,3
2023-10-19,[REC]²,2009,https://boxd.it/1VH8,3
2023-10-23,V/H/S,2012,https://boxd.it/2Y1c,3
2023-10-24,Taylor Swift: The Eras Tour,2023,https://boxd.it/HTIi,3.5
2023-10-30,Five Nights at Freddy's,2023,https://boxd.it/ikHu,2
2023-10-30,Frankenweenie,2012,https://boxd.it/bPS,3.5
2023-11-02,"Paris, Texas",1984,https://boxd.it/29Ts,4.5
2023-11-16,The Grinch,2018,https://boxd.it/chpK,1.5
2023-11-18,A Christmas Story,1983,https://boxd.it/29sw,3.5
2023-11-20,The Shape of Water,2017,https://boxd.it/dZ5m,3.5
2023-12-04,Renaissance: A Film by Beyoncé,2023,https://boxd.it/IYzi,4
2023-12-04,Good Boys,2019,https://boxd.it/iW1G,3.5
2023-12-04,No Hard Feelings,2023,https://boxd.it/xouu,3
2023-12-06,¡Asu Mare!,2013,https://boxd.it/5G5c,3
2023-12-07,Klaus,2019,https://boxd.it/ipoi,4.5
2023-12-07,The Love Guru,2008,https://boxd.it/1Sm2,2.5
2023-12-17,Leo,2023,https://boxd.it/EGzm,3
2023-12-30,Sausage Party,2016,https://boxd.it/6CCe,3
2024-01-07,22 Jump Street,2014,https://boxd.it/5Fvy,2.5
2024-01-11,Society of the Snow,2023,https://boxd.it/y9aw,4
2024-01-13,Brave,2012,https://boxd.it/bVG,3
2024-01-15,Silver Linings Playbook,2012,https://boxd.it/2TTo,4.5
2024-01-19,Shutter Island,2010,https://boxd.it/1U82,4.5
2024-01-19,We Need to Talk About Kevin,2011,https://boxd.it/2pTS,3.5
2024-01-21,Killers of the Flower Moon,2023,https://boxd.it/gHp0,4
2024-01-22,Asteroid City,2023,https://boxd.it/s3ds,3.5
2024-01-22,9,2009,https://boxd.it/1Scm,3
2024-01-25,Spider-Man: Across the Spider-Verse,2023,https://boxd.it/kSz4,3.5
2024-01-27,The Zone of Interest,2023,https://boxd.it/gJsA,4
2024-02-04,Paprika,2006,https://boxd.it/23wW,4.5
2024-02-04,The Killing of a Sacred Deer,2017,https://boxd.it/dZ5G,4
2024-02-06,Eternal Sunshine of the Spotless Mind,2004,https://boxd.it/6YK,4.5
2024-02-08,Zombieland: Double Tap,2019,https://boxd.it/bgb6,3
2024-02-10,Citizen Kane,1941,https://boxd.it/71O,4
2024-02-11,Amélie,2001,https://boxd.it/2aUc,4.5
2024-02-14,Hamlet,1996,https://boxd.it/1VZc,4
2024-02-15,Romeo and Juliet,1968,https://boxd.it/22cQ,3.5
2024-02-17,Some Like It Hot,1959,https://boxd.it/2aNA,4.5
2024-02-17,Mommie Dearest,1981,https://boxd.it/1LNq,3.5
2024-02-17,High and Low,1963,https://boxd.it/1RSc,4.5
2024-02-18,Stop Making Sense,1984,https://boxd.it/1ygo,4.5
2024-02-18,Seven Samurai,1954,https://boxd.it/2axi,5
2024-02-19,Leave the World Behind,2023,https://boxd.it/re0i,3.5
2024-02-19,Anatomy of a Fall,2023,https://boxd.it/yuDE,4.5
2024-02-20,Past Lives,2023,https://boxd.it/oNB8,4.5
2024-02-23,Flipped,2010,https://boxd.it/Tb8,3
2024-02-23,Moonrise Kingdom,2012,https://boxd.it/2Wng,3.5
2024-02-23,House,1977,https://boxd.it/1vsm,4
2024-02-23,Saw X,2023,https://boxd.it/zUWk,3
2024-02-23,The Boy and the Heron,2023,https://boxd.it/ipeM,4
2024-02-27,Naked,1993,https://boxd.it/1BT4,4
2024-02-28,Frances Ha,2012,https://boxd.it/41Xg,5
2024-02-28,Blue Velvet,1986,https://boxd.it/29BI,4.5
2024-02-28,mid90s,2018,https://boxd.it/fxIa,4
2024-03-05,127 Hours,2010,https://boxd.it/SLa,3
2024-03-07,In the Mood for Love,2000,https://boxd.it/29tE,5
2024-03-09,Analyze This,1999,https://boxd.it/1Yr8,3
2024-03-17,Kung Fu Panda 4,2024,https://boxd.it/CepE,3
2024-03-18,Enter the Void,2009,https://boxd.it/1dy2,4
2024-03-18,Blade Runner,1982,https://boxd.it/2bcA,3.5
2024-03-19,For the Birds,2000,https://boxd.it/1P6K,4
2024-03-19,Dune,2021,https://boxd.it/fA7G,3
2024-03-19,Get Out,2017,https://boxd.it/eOCm,3
2024-03-19,Avengers: Infinity War,2018,https://boxd.it/9vEe,3
2024-03-19,Avengers: Endgame,2019,https://boxd.it/9vE4,2
2024-03-19,Kill Bill: Vol. 1,2003,https://boxd.it/70w,4
2024-03-19,Ratatouille,2007,https://boxd.it/27ww,4
2024-03-19,Black Panther,2018,https://boxd.it/8MHs,2.5
2024-03-19,Guardians of the Galaxy,2014,https://boxd.it/3VH2,3
2024-03-19,Jojo Rabbit,2019,https://boxd.it/iEBG,3
2024-03-19,Avatar: The Way of Water,2022,https://boxd.it/2E2E,3.5
2024-03-19,Us,2019,https://boxd.it/gnV6,2
2024-03-19,Star Wars,1977,https://boxd.it/72s,4
2024-03-19,Soul,2020,https://boxd.it/ioLA,2.5
2024-03-19,Inside Out,2015,https://boxd.it/4KHC,3
2024-03-19,1917,2019,https://boxd.it/jj4y,3.5
2024-03-19,No Country for Old Men,2007,https://boxd.it/21ew,5
2024-03-19,Dunkirk,2017,https://boxd.it/d0Y6,3.5
2024-03-19,The Avengers,2012,https://boxd.it/1xFW,2.5
2024-03-19,The Super Mario Bros. Movie,2023,https://boxd.it/i8C8,3.5
2024-03-19,Iron Man,2008,https://boxd.it/28dA,3.5
2024-03-21,Pearl Harbor,2001,https://boxd.it/29Q4,3
2024-03-22,The Florida Project,2017,https://boxd.it/dMG0,4.5
2024-03-22,Little Women,2019,https://boxd.it/aSVk,4.5
2024-03-24,Before Sunset,2004,https://boxd.it/2bcg,4.5
2024-03-30,Madame Web,2024,https://boxd.it/nwD0,1
2024-04-10,The Favourite,2018,https://boxd.it/d2hI,3.5
2024-04-15,The Nun,2018,https://boxd.it/fBkw,2
2024-04-15,May December,2023,https://boxd.it/vEE2,4
2024-04-15,The Holdovers,2023,https://boxd.it/vHza,3.5
2024-04-15,L'immensità,2022,https://boxd.it/sXPC,3
2024-04-15,The Nun II,2023,https://boxd.it/AyRY,1.5
2024-04-24,Cloverfield,2008,https://boxd.it/2192,3.5
2024-05-03,The Idea of You,2024,https://boxd.it/vOW6,3
2024-05-12,Kingdom of the Planet of the Apes,2024,https://boxd.it/ohEE,3.5
2024-05-20,Bend It Like Beckham,2002,https://boxd.it/2am0,3
2024-06-18,Inside Out 2,2024,https://boxd.it/CFrC,3.5
2024-06-20,Lost in Translation,2003,https://boxd.it/2b0E,4.5
2024-06-23,Inland Empire,2006,https://boxd.it/28d6,4.5
2024-06-29,Fargo,1996,https://boxd.it/2aHM,4
2024-06-30,Dune: Part Two,2024,https://boxd.it/pUfA,4.5
2024-07-01,Paris Is Burning,1990,https://boxd.it/1jzg,5
2024-07-03,Boyhood,2014,https://boxd.it/3178,4
2024-07-07,Fantastic Planet,1973,https://boxd.it/1KnQ,5
2024-07-07,Barbie as Rapunzel,2002,https://boxd.it/1MZW,2
2024-07-13,Manchester by the Sea,2016,https://boxd.it/b2L0,5
2024-07-13,Brokeback Mountain,2005,https://boxd.it/2b2q,4
2024-07-14,Palo Alto,2013,https://boxd.it/5Nzy,4
2024-07-15,Longlegs,2024,https://boxd.it/KzLM,3
2024-07-16,Beautiful Boy,2018,https://boxd.it/g76Q,5
2024-07-19,Clueless,1995,https://boxd.it/1Ygk,3
2024-07-20,How to Lose a Guy in 10 Days,2003,https://boxd.it/1XwG,4
2024-07-23,Dark Phoenix,2019,https://boxd.it/anyO,2.5
2024-07-31,Predator,1987,https://boxd.it/2b84,4.5
2024-07-31,Predator 2,1990,https://boxd.it/2aY4,2.5
2024-08-01,AVP: Alien vs. Predator,2004,https://boxd.it/2atU,3
2024-08-01,Aliens vs Predator: Requiem,2007,https://boxd.it/2ans,1.5
2024-08-02,Predators,2010,https://boxd.it/1d9m,3
2024-08-02,The Predator,2018,https://boxd.it/bDw2,1
2024-08-02,Alien: Covenant,2017,https://boxd.it/49UY,3.5
2024-08-09,Happy Gilmore,1996,https://boxd.it/1Yey,3.5
2024-08-10,The Human Centipede (First Sequence),2009,https://boxd.it/18Tu,3.5
2024-08-12,Trap,2024,https://boxd.it/D4nK,3.5
2024-08-13,Instructions Not Included,2013,https://boxd.it/6k3q,4
2024-08-17,Alien: Romulus,2024,https://boxd.it/zGqO,4
2024-08-17,At Eternity's Gate,2018,https://boxd.it/hI40,4
2024-08-18,The Brothers Bloom,2008,https://boxd.it/1Bqm,3.5
2024-08-19,Bullet Train,2022,https://boxd.it/qW26,3
2024-08-23,Dr. Strangelove or: How I Learned to Stop Worrying and Love the Bomb,1964,https://boxd.it/29eY,4.5
2024-08-26,Eraserhead,1977,https://boxd.it/299u,3.5
2024-08-26,Sleepy Hollow,1999,https://boxd.it/26u0,4.5
2024-08-27,Beetlejuice,1988,https://boxd.it/24QI,4
2024-08-30,A Fistful of Dollars,1964,https://boxd.it/2auo,4.5
2024-08-31,For a Few Dollars More,1965,https://boxd.it/29eu,4.5
2024-09-01,"The Good, the Bad and the Ugly",1966,https://boxd.it/2ape,5
2024-09-02,Pan's Labyrinth,2006,https://boxd.it/28No,4.5
2024-09-03,Ed Wood,1994,https://boxd.it/2adM,5
2024-09-03,Dracula,1931,https://boxd.it/2b34,3.5
2024-09-03,The Crow,1994,https://boxd.it/1Yxq,3.5
2024-09-03,Vincent,1982,https://boxd.it/1hLa,3
2024-09-06,Ghost in the Shell,1995,https://boxd.it/1YYc,4
2024-09-06,Nosferatu,1922,https://boxd.it/29TM,4
2024-09-06,West Side Story,1961,https://boxd.it/28dK,4.5
2024-09-06,Dazed and Confused,1993,https://boxd.it/1Ylk,3
2024-09-06,Spider-Man: No Way Home,2021,https://boxd.it/nwRw,3
2024-09-06,mother!,2017,https://boxd.it/dgRU,3.5
2024-09-06,X-Men: First Class,2011,https://boxd.it/FOA,3
2024-09-06,The Beatles: Get Back,2021,https://boxd.it/xo7A,3
2024-09-06,Life of Pi,2012,https://boxd.it/37pC,3
2024-09-06,Marie Antoinette,2006,https://boxd.it/27Wa,3.5
2024-09-06,Mulholland Drive,2001,https://boxd.it/297o,5
2024-09-06,Chaplin,1992,https://boxd.it/1WgW,3.5
2024-09-08,Beetlejuice Beetlejuice,2024,https://boxd.it/yyGs,3.5
2024-09-09,Rosemary's Baby,1968,https://boxd.it/29zM,3.5
2024-09-09,Child's Play,1988,https://boxd.it/1VTo,3
2024-09-09,Sound of Freedom,2023,https://boxd.it/piEi,3
2024-09-09,Frankenstein,1931,https://boxd.it/25Te,4
2024-09-10,Elvira: Mistress of the Dark,1988,https://boxd.it/22LG,3
2024-09-10,Cinema Paradiso,1988,https://boxd.it/1UlA,5
2024-09-10,The Lobster,2015,https://boxd.it/7tnw,4.5
2024-09-10,The Human Centipede 2 (Full Sequence),2011,https://boxd.it/2yqg,1.5
2024-09-11,Disturbia,2007,https://boxd.it/20rk,3
2024-09-13,Millennium Actress,2001,https://boxd.it/1fK0,4.5
2024-09-13,Risky Business,1983,https://boxd.it/1YUE,3.5
2024-09-13,Submarine,2010,https://boxd.it/H4a,3
2024-09-13,Reservoir Dogs,1992,https://boxd.it/2agc,4
2024-09-14,The Seventh Seal,1957,https://boxd.it/2ahO,4.5
2024-09-20,Kinds of Kindness,2024,https://boxd.it/CWPw,3.5
2024-09-25,She's All That,1999,https://boxd.it/1Wz0,4
2024-09-30,The Breakfast Club,1985,https://boxd.it/27q4,4.5
2024-10-05,Joker: Folie à Deux,2024,https://boxd.it/xBoE,3
2024-10-05,Easy Money,1983,https://boxd.it/1H4c,3
2024-10-07,Terrifier 2,2022,https://boxd.it/oI10,2
2024-10-09,Transformers One,2024,https://boxd.it/q7bc,3.5
2024-10-11,Piece By Piece,2024,https://boxd.it/KYFO,3.5
2024-10-15,Talk to Me,2022,https://boxd.it/C6uQ,3
2024-10-16,The SpongeBob SquarePants Movie,2004,https://boxd.it/1SYq,3.5
2024-10-16,Gummo,1997,https://boxd.it/1H0Y,4
2024-10-17,Un Chien Andalou,1929,https://boxd.it/29Y8,3.5
2024-10-22,Halloween,1978,https://boxd.it/2wRu,4
2024-10-23,The Witch,2015,https://boxd.it/9X0m,4
2024-11-05,Anora,2024,https://boxd.it/Egcw,4.5
2024-11-08,For What's Worse,2024,https://boxd.it/OypI,5
2024-11-08,Here,2024,https://boxd.it/zscS,3.5
2024-11-08,Smile 2,2024,https://boxd.it/FDA4,2
2024-11-24,Hope,2013,https://boxd.it/7x5Q,5
2024-11-30,Grave of the Fireflies,1988,https://boxd.it/1RUM,4
2024-12-07,Barry Lyndon,1975,https://boxd.it/25A2,4.5
2024-12-15,Barbie in the Nutcracker,2001,https://boxd.it/1MGA,3.5
2024-12-16,National Lampoon's Christmas Vacation,1989,https://boxd.it/22wQ,3.5
2024-12-17,Red One,2024,https://boxd.it/vTBM,2
2024-12-20,Sonic the Hedgehog 2,2022,https://boxd.it/pb8O,3
2024-12-20,The Substance,2024,https://boxd.it/zanS,4.5
2024-12-21,Barbarian,2022,https://boxd.it/yohi,2.5
2024-12-21,Invictus,2009,https://boxd.it/1zPk,3.5
2024-12-23,If Anything Happens I Love You,2020,https://boxd.it/qIv4,4
2024-12-23,Carrie,1976,https://boxd.it/20ZQ,4
2024-12-24,Scream,1996,https://boxd.it/24EC,3.5
2024-12-24,The Evil Dead,1981,https://boxd.it/29Go,4.5
2024-12-24,Edge of Tomorrow,2014,https://boxd.it/4pD0,2.5
2024-12-24,Oblivion,2013,https://boxd.it/2Bzq,3
2024-12-27,The Life Aquatic with Steve Zissou,2004,https://boxd.it/2aqw,4.5
2025-01-01,The Fly,1958,https://boxd.it/1T1E,4
2025-01-01,The Rink,1916,https://boxd.it/27uK,4
2025-01-01,Zoolander 2,2016,https://boxd.it/aNBE,2.5
2025-01-01,The Stanford Prison Experiment,2015,https://boxd.it/9QQK,3
2025-01-01,Son of the Mask,2005,https://boxd.it/1WNQ,1.5
2025-01-01,The Outsiders,1983,https://boxd.it/2aPw,3
2025-01-07,2001: A Space Odyssey,1968,https://boxd.it/2bf0,5
2025-01-07,The Tale of The Princess Kaguya,2013,https://boxd.it/4JQI,5
2025-01-07,Paths of Glory,1957,https://boxd.it/29b6,5
2025-01-07,Ikiru,1952,https://boxd.it/251c,5
2025-01-07,A Complete Unknown,2024,https://boxd.it/oBYa,4
2025-01-07,Sonic the Hedgehog 3,2024,https://boxd.it/zq0U,3.5
2025-01-07,Terrifier 3,2024,https://boxd.it/D8tM,3
2025-01-07,Challengers,2024,https://boxd.it/zld0,4.5
2025-01-07,Poor Things,2023,https://boxd.it/tNWU,4.5
2025-01-07,Megalopolis,2024,https://boxd.it/lPBS,3
2025-01-07,Where the Wild Things Are,2009,https://boxd.it/1K0C,3
2025-01-07,Uglies,2024,https://boxd.it/sUKu,1.5
2025-01-07,Nosferatu,2024,https://boxd.it/f5eG,4
2025-01-07,Piaffe,2022,https://boxd.it/BFRS,3
2025-01-09,Wicked,2024,https://boxd.it/e8ME,3
2025-01-09,Meg 2: The Trench,2023,https://boxd.it/mLvo,1.5
2025-01-09,The Invisible Man,2020,https://boxd.it/kWlA,3
2025-01-09,Emma.,2020,https://boxd.it/kmg0,4
2025-01-09,Deadpool & Wolverine,2024,https://boxd.it/jq8s,3
2025-01-09,Call Me by Your Name,2017,https://boxd.it/dYmm,4.5
2025-01-09,All About Lily Chou-Chou,2001,https://boxd.it/1JP0,4
2025-01-09,Almost Famous,2000,https://boxd.it/29CQ,4
2025-01-09,Zodiac,2007,https://boxd.it/27MO,4
2025-01-09,GoodFellas,1990,https://boxd.it/29FA,4
2025-01-09,Before Sunrise,1995,https://boxd.it/2bcU,5
2025-01-09,Oppenheimer,2023,https://boxd.it/wUow,4.5
2025-01-09,Bones and All,2022,https://boxd.it/tLd4,3
2025-01-09,Everything Everywhere All at Once,2022,https://boxd.it/jUk4,5
2025-01-09,North Hollywood,2020,https://boxd.it/ppFs,3
2025-01-09,Tenet,2020,https://boxd.it/leq4,3.5
2025-01-09,The Lord of the Rings: The Return of the King,2003,https://boxd.it/2b5u,5
2025-01-09,Stalker,1979,https://boxd.it/28PO,4.5
2025-01-09,Perfect Blue,1997,https://boxd.it/1W7A,5
2025-01-09,Onibaba,1964,https://boxd.it/252a,4.5
2025-01-09,Apocalypse Now,1979,https://boxd.it/6ZS,4.5
2025-01-09,Ex Machina,2015,https://boxd.it/7T2k,4
2025-01-09,WALL·E,2008,https://boxd.it/1VEo,4
2025-01-09,Top Gun: Maverick,2022,https://boxd.it/cjr4,4
2025-01-09,District 9,2009,https://boxd.it/1Iik,4
2025-01-09,Scott Pilgrim vs. the World,2010,https://boxd.it/1Aq6,4
2025-01-09,Civil War,2024,https://boxd.it/z1jW,3.5
2025-01-09,Barbie,2023,https://boxd.it/bCLK,4
2025-01-09,After Hours,1985,https://boxd.it/1VfS,5
2025-01-09,Dallas Buyers Club,2013,https://boxd.it/4O8G,4.5
2025-01-09,The Curious Case of Benjamin Button,2008,https://boxd.it/23Fk,3
2025-01-09,Juno,2007,https://boxd.it/210a,4
2025-01-09,Superlopez,2018,https://boxd.it/gmdM,2.5
2025-01-09,Charade,1963,https://boxd.it/23O2,4
2025-01-09,Over the Garden Wall,2014,https://boxd.it/eqFw,4.5
2025-01-09,A Real Pain,2024,https://boxd.it/CjNG,4
2025-01-09,Skinamarink,2022,https://boxd.it/ByDO,4
2025-01-09,The Worst Person in the World,2021,https://boxd.it/oyws,4.5
2025-01-09,The Green Knight,2021,https://boxd.it/kuy2,4.5
2025-01-10,Argo,2012,https://boxd.it/2czU,4
2025-01-10,The Rocky Horror Picture Show,1975,https://boxd.it/1a3q,5
2025-01-10,Anyone But You,2023,https://boxd.it/EzA8,3
2025-01-10,Aftersun,2022,https://boxd.it/Arw0,4.5
2025-01-10,Hamilton,2020,https://boxd.it/kmvE,4
2025-01-10,The Wild Robot,2024,https://boxd.it/IWFy,5
2025-01-10,Lawrence of Arabia,1962,https://boxd.it/2wRE,4.5
2025-01-10,The Passion of Joan of Arc,1928,https://boxd.it/29DO,4
2025-01-10,Singin' in the Rain,1952,https://boxd.it/29oY,4.5
2025-01-10,8½,1963,https://boxd.it/2aqm,4
2025-01-10,The Emoji Movie,2017,https://boxd.it/d9x4,0.5
2025-01-10,The Wonderful World of Mickey Mouse: Steamboat Silly,2023,https://boxd.it/H6GW,3
2025-01-10,Carl's Date,2023,https://boxd.it/EInC,3
2025-01-10,Black Mirror: Demon 79,2023,https://boxd.it/H7Rc,3.5
2025-01-10,Black Mirror: Mazey Day,2023,https://boxd.it/H7QS,3
2025-01-10,Black Mirror: Beyond the Sea,2023,https://boxd.it/H7QI,4
2025-01-10,Black Mirror: Loch Henry,2023,https://boxd.it/H7Pg,3
2025-01-10,Depp V Heard,2023,https://boxd.it/HRGu,3
2025-01-10,The Little Mermaid,2023,https://boxd.it/fVum,1.5
2025-01-10,A Better Man,2022,https://boxd.it/HOuA,4
2025-01-10,Smile,2022,https://boxd.it/xjfE,2.5
2025-01-10,DAHMER - Monster: The Jeffrey Dahmer Story,2022,https://boxd.it/CRG0,3.5
2025-01-10,Portrait of God,2022,https://boxd.it/CSom,4.5
2025-01-10,Spiderhead,2022,https://boxd.it/mLsO,2
2025-01-10,Lightyear,2022,https://boxd.it/qV1G,2.5
2025-01-10,Fire Island,2022,https://boxd.it/vV8C,1
2025-01-10,Elvis,2022,https://boxd.it/mK4w,3
2025-01-10,Jurassic World Dominion,2022,https://boxd.it/ikXW,1
2025-01-10,"Tyler, The Creator - Live: Call Me If You Get Lost",2022,https://boxd.it/A5GM,3.5
2025-01-10,Fantastic Beasts: The Secrets of Dumbledore,2022,https://boxd.it/bg8Q,2.5
2025-01-10,The Lost City,2022,https://boxd.it/sg0Q,1.5
2025-01-10,Turning Red,2022,https://boxd.it/ipkq,2.5
2025-01-10,Jackass Forever,2022,https://boxd.it/opUg,2
2025-01-10,Hotel Transylvania: Transformania,2022,https://boxd.it/lwCC,2
2025-01-10,Harry Potter 20th Anniversary: Return to Hogwarts,2022,https://boxd.it/xXJk,3
2025-01-10,Sing 2,2021,https://boxd.it/fAnE,3
2025-01-10,Encanto,2021,https://boxd.it/kPRu,4
2025-01-10,Dave Chappelle: The Closer,2021,https://boxd.it/xbe4,3.5
2025-01-10,The Black Phone,2021,https://boxd.it/sqFE,2.5
2025-01-10,Smiling Friends,2020,https://boxd.it/pKrc,3.5
2025-01-10,Mulan,2020,https://boxd.it/bbK6,1
2025-01-10,A Quiet Place Part II,2020,https://boxd.it/iTx0,2
2025-01-10,365 Days,2020,https://boxd.it/oJ9O,1
2025-01-10,The Social Dilemma,2020,https://boxd.it/opQI,2.5
2025-01-10,Sonic the Hedgehog,2020,https://boxd.it/gdK8,2.5
2025-01-10,Cats,2019,https://boxd.it/jydK,0.5
2025-01-10,Star Wars: The Rise of Skywalker,2019,https://boxd.it/5xlK,0.5
2025-01-10,Frozen II,2019,https://boxd.it/aPvo,3.5
2025-01-10,In the Tall Grass,2019,https://boxd.it/iZpm,2
2025-01-10,It Chapter Two,2019,https://boxd.it/h10u,3
2025-01-10,The Lion King,2019,https://boxd.it/eSjI,2.5
2025-01-10,Annabelle Comes Home,2019,https://boxd.it/iU5m,1
2025-01-10,Toy Story 4,2019,https://boxd.it/9ALu,2
2025-01-10,Godzilla: King of the Monsters,2019,https://boxd.it/cY7Y,3
2025-01-10,Rocketman,2019,https://boxd.it/iehK,2.5
2025-01-10,Aladdin,2019,https://boxd.it/eSjy,1
2025-01-10,Demon Slayer: Kimetsu no Yaiba,2019,https://boxd.it/pKsE,4
2025-01-10,The Curse of La Llorona,2019,https://boxd.it/hg0E,1
2025-01-10,Dumbo,2019,https://boxd.it/aNYI,1
2025-01-10,Squid Game,2021,https://boxd.it/x1OG,3.5
2025-01-10,Lamb,2021,https://boxd.it/tFwE,2
2025-01-10,Venom: Let There Be Carnage,2021,https://boxd.it/llco,2.5
2025-01-10,"The French Dispatch of the Liberty, Kansas Evening Sun",2021,https://boxd.it/jLP8,4
2025-01-10,Escape Room: Tournament of Champions,2021,https://boxd.it/lwCM,2
2025-01-10,Luca,2021,https://boxd.it/ipjC,4
2025-01-10,In the Heights,2021,https://boxd.it/gLhu,4
2025-01-10,The Conjuring: The Devil Made Me Do It,2021,https://boxd.it/eXZY,1
2025-01-10,F9,2021,https://boxd.it/dqsU,0.5
2025-01-10,Cruella,2021,https://boxd.it/bbKg,1
2025-01-10,Godzilla vs. Kong,2021,https://boxd.it/e0qK,2
2025-01-10,Zack Snyder's Justice League,2021,https://boxd.it/tLOk,2.5
2025-01-10,Malcolm & Marie,2021,https://boxd.it/r5cO,3.5
2025-01-10,Wonder Woman 1984,2020,https://boxd.it/gBtA,2
2025-01-10,JUJUTSU KAISEN,2020,https://boxd.it/sOve,3
2025-01-10,The SpongeBob Movie: Sponge on the Run,2020,https://boxd.it/e1Ac,2
2025-01-10,"Black Mirror: Rachel, Jack and Ashley Too",2019,https://boxd.it/mltQ,2
2025-01-10,Black Mirror: Smithereens,2019,https://boxd.it/mltc,2.5
2025-01-10,Black Mirror: Striking Vipers,2019,https://boxd.it/mlse,2.5
2025-01-10,"Extremely Wicked, Shockingly Evil and Vile",2019,https://boxd.it/glCG,3
2025-01-10,Escape Room,2019,https://boxd.it/iYlS,1.5
2025-01-10,How to Train Your Dragon: The Hidden World,2019,https://boxd.it/5a9w,3
2025-01-10,Black Mirror: Bandersnatch,2018,https://boxd.it/kTDG,3.5
2025-01-10,Creed II,2018,https://boxd.it/hgl8,3.5
2025-01-10,Bird Box,2018,https://boxd.it/eh1i,3.5
2025-01-10,Fantastic Beasts: The Crimes of Grindelwald,2018,https://boxd.it/bg8G,3
2025-01-10,Ralph Breaks the Internet,2018,https://boxd.it/edAy,3.5
2025-01-10,Other Side of the Box,2018,https://boxd.it/lXsa,3.5
2025-01-10,Venom,2018,https://boxd.it/b8wA,2
2025-01-10,A Star Is Born,2018,https://boxd.it/aXgc,3
2025-01-10,Crazy Rich Asians,2018,https://boxd.it/gfnK,3.5
2025-01-10,Christopher Robin,2018,https://boxd.it/eSj4,1.5
2025-01-10,The Meg,2018,https://boxd.it/bAL4,0.5
2025-01-10,Hotel Transylvania 3: Summer Vacation,2018,https://boxd.it/e1zI,2.5
2025-01-10,Jurassic World: Fallen Kingdom,2018,https://boxd.it/bOnU,1.5
2025-01-10,Incredibles 2,2018,https://boxd.it/7IPg,2.5
2025-01-10,Solo: A Star Wars Story,2018,https://boxd.it/bGWs,1.5
2025-01-10,Deadpool 2,2018,https://boxd.it/dlLM,2.5
2025-01-10,Bao,2018,https://boxd.it/iEl4,3.5
2025-01-10,A Quiet Place,2018,https://boxd.it/fVJQ,3.5
2025-01-10,Eighth Grade,2018,https://boxd.it/hDMG,2.5
2025-01-10,Star Wars: The Last Jedi,2017,https://boxd.it/5xme,2
2025-01-10,The Greatest Showman,2017,https://boxd.it/acjI,3.5
2025-01-10,Blue Planet II,2017,https://boxd.it/gACc,4.5
2025-01-10,Justice League,2017,https://boxd.it/4w68,1.5
2025-01-10,Jigsaw,2017,https://boxd.it/9sDs,2
2025-01-10,Coco,2017,https://boxd.it/bYJQ,4.5
2025-01-10,Happy Death Day,2017,https://boxd.it/fDz4,2
2025-01-10,Kingsman: The Golden Circle,2017,https://boxd.it/buJm,2.5
2025-01-10,The Mummy,2017,https://boxd.it/8HnW,1.5
2025-01-10,Baywatch,2017,https://boxd.it/biG6,2
2025-01-10,Death Note,2017,https://boxd.it/bOS4,1
2025-01-10,Annabelle: Creation,2017,https://boxd.it/dSxe,1.5
2025-01-10,It,2017,https://boxd.it/bC8e,4
2025-01-10,47 Meters Down,2017,https://boxd.it/eaq6,2.5
2025-01-10,Wonder Woman,2017,https://boxd.it/9roG,2
2025-01-10,"history of the entire world, i guess",2017,https://boxd.it/rQx0,4.5
2025-01-10,The Fate of the Furious,2017,https://boxd.it/bbCw,1.5
2025-01-10,Going in Style,2017,https://boxd.it/bSKS,3
2025-01-10,The Boss Baby,2017,https://boxd.it/9mfO,2
2025-01-10,The Disaster Artist,2017,https://boxd.it/cTqc,2.5
2025-01-10,How to Be a Latin Lover,2017,https://boxd.it/f2LC,2
2025-01-10,Kong: Skull Island,2017,https://boxd.it/9ewM,2
2025-01-10,Guardians of the Galaxy Vol. 2,2017,https://boxd.it/8MxC,2.5
2025-01-10,It Comes at Night,2017,https://boxd.it/eLuk,3.5
2025-01-10,Pirates of the Caribbean: Dead Men Tell No Tales,2017,https://boxd.it/5a9m,2
2025-01-10,War for the Planet of the Apes,2017,https://boxd.it/8FE2,3
2025-01-10,Why Him?,2016,https://boxd.it/c3Wq,2
2025-01-10,Logan,2017,https://boxd.it/7Piy,4.5
2025-01-10,Rogue One: A Star Wars Story,2016,https://boxd.it/aPvy,3
2025-01-10,Planet Earth II,2016,https://boxd.it/eS8g,4
2025-01-10,Snowden,2016,https://boxd.it/9CWO,3
2025-01-10,Ouija: Origin of Evil,2016,https://boxd.it/b5EG,1.5
2025-01-10,Moana,2016,https://boxd.it/8tfY,3.5
2025-01-10,Sing,2016,https://boxd.it/b5EQ,3
2025-01-10,The Purge: Election Year,2016,https://boxd.it/ae5I,1
2025-01-10,The Legend of Tarzan,2016,https://boxd.it/7DUU,1
2025-01-10,Piper,2016,https://boxd.it/dZaG,4
2025-01-10,The Secret Life of Pets,2016,https://boxd.it/aJ5E,2
2025-01-10,Finding Dory,2016,https://boxd.it/4aAA,2.5
2025-01-10,Alice Through the Looking Glass,2016,https://boxd.it/75Yo,2
2025-01-10,The Conjuring 2,2016,https://boxd.it/7GJg,4
2025-01-10,The Nice Guys,2016,https://boxd.it/94Hg,2
2025-01-10,X-Men: Apocalypse,2016,https://boxd.it/7eJi,2.5
2025-01-10,The Angry Birds Movie,2016,https://boxd.it/4PBu,0.5
2025-01-10,Curve,2016,https://boxd.it/dFF0,4.5
2025-01-10,The Jungle Book,2016,https://boxd.it/8wjk,1
2025-01-10,Hush,2016,https://boxd.it/d5ys,2.5
2025-01-10,Zootopia,2016,https://boxd.it/84xS,3.5
2025-01-10,Deadpool,2016,https://boxd.it/9fOC,3
2025-01-10,Kung Fu Panda 3,2016,https://boxd.it/4uRQ,2.5
2025-01-10,The Boy,2016,https://boxd.it/apZi,2
2025-01-10,Dirty Grandpa,2016,https://boxd.it/99pG,3
2025-01-10,The Revenant,2015,https://boxd.it/8H5e,3.5
2025-01-10,Star Wars: The Force Awakens,2015,https://boxd.it/4vru,2
2025-01-10,The Good Dinosaur,2015,https://boxd.it/3AD4,3
2025-01-10,Cinderella,2015,https://boxd.it/4KX6,1
2025-01-10,Fifty Shades of Grey,2015,https://boxd.it/6qLo,3
2025-01-10,The SpongeBob Movie: Sponge Out of Water,2015,https://boxd.it/6JxU,1
2025-01-10,The Boy Next Door,2015,https://boxd.it/75Wi,3
2025-01-10,The Interview,2014,https://boxd.it/6KQ4,2
2025-01-10,Dumb and Dumber To,2014,https://boxd.it/3qPk,1
2025-01-10,The Hobbit: The Battle of the Five Armies,2014,https://boxd.it/43aU,2.5
2025-01-10,American Sniper,2014,https://boxd.it/5LDy,4
2025-01-10,Kingsman: The Secret Service,2014,https://boxd.it/6dxe,3
2025-01-10,Last Shift,2014,https://boxd.it/9nda,2.5
2025-01-10,Penguins of Madagascar,2014,https://boxd.it/89tc,2.5
2025-01-10,Big Hero 6,2014,https://boxd.it/5rje,3.5
2025-01-10,Tusk,2014,https://boxd.it/7eoa,3
2025-01-10,"As Above, So Below",2014,https://boxd.it/7yui,2.5
2025-01-10,Unfriended,2014,https://boxd.it/8sXg,1
2025-01-10,The Purge: Anarchy,2014,https://boxd.it/71zk,0.5
2025-01-10,Transformers: Age of Extinction,2014,https://boxd.it/3d1m,1.5
2025-01-10,John Wick,2014,https://boxd.it/7dEc,3.5
2025-01-10,Fury,2014,https://boxd.it/6JwC,3
2025-01-10,The Theory of Everything,2014,https://boxd.it/7YtA,4
2025-01-10,The Hobbit: The Desolation of Smaug,2013,https://boxd.it/nmS,3
2025-01-10,Frozen,2013,https://boxd.it/3GNa,3
2025-01-10,Thor: The Dark World,2013,https://boxd.it/2DqA,1.5
2025-01-10,Ender's Game,2013,https://boxd.it/2N9Y,1.5
2025-01-10,Cloudy with a Chance of Meatballs 2,2013,https://boxd.it/3GMw,0.5
2025-01-10,Insidious: Chapter 2,2013,https://boxd.it/3dqc,3
2025-01-10,The Green Inferno,2013,https://boxd.it/5hE2,4
2025-01-10,We're the Millers,2013,https://boxd.it/4srQ,2
2025-01-10,The Smurfs 2,2013,https://boxd.it/2HvO,0.5
2025-01-10,The Wolverine,2013,https://boxd.it/2CWU,2
2025-01-10,Pacific Rim,2013,https://boxd.it/2cB2,2.5
2025-01-10,Sharknado,2013,https://boxd.it/69Qc,0.5
2025-01-10,The Internship,2013,https://boxd.it/3SWS,2.5
2025-01-10,The Conjuring,2013,https://boxd.it/4sr2,4
2025-01-10,Man of Steel,2013,https://boxd.it/FRk,2.5
2025-01-10,Despicable Me 2,2013,https://boxd.it/3gg0,1.5
2025-01-10,Grown Ups 2,2013,https://boxd.it/3GAq,1
2025-01-10,The Hobbit: An Unexpected Journey,2012,https://boxd.it/GZk,3.5
2025-01-10,Rise of the Guardians,2012,https://boxd.it/2PXw,3
2025-01-10,The Twilight Saga: Breaking Dawn – Part 2,2012,https://boxd.it/DdC,2
2025-01-10,Wreck-It Ralph,2012,https://boxd.it/2TTS,3.5
2025-01-10,Paranormal Activity 4,2012,https://boxd.it/2UGq,1
2025-01-10,Ending the Knight,2012,https://boxd.it/qiFs,4
2025-01-10,Diary of a Wimpy Kid: Dog Days,2012,https://boxd.it/2TG0,2.5
2025-01-10,Spring Breakers,2012,https://boxd.it/421s,1.5
2025-01-10,Oz the Great and Powerful,2013,https://boxd.it/2cAI,2
2025-01-10,Monsters University,2013,https://boxd.it/bQm,3.5
2025-01-10,The Hunger Games: Catching Fire,2013,https://boxd.it/3sAw,3.5
2025-01-10,This Is the End,2013,https://boxd.it/3GB4,2
2025-01-10,The Purge,2013,https://boxd.it/4Xg0,4
2025-01-10,Now You See Me,2013,https://boxd.it/2Bsu,3
2025-01-10,The Hangover Part III,2013,https://boxd.it/3GNY,2.5
2025-01-10,The Great Gatsby,2013,https://boxd.it/JY,3.5
2025-01-10,Iron Man 3,2013,https://boxd.it/2cBQ,1.5
2025-01-10,Scary Movie 5,2013,https://boxd.it/24AU,2.5
2025-01-10,42,2013,https://boxd.it/3GBo,3
2025-01-10,Black Mirror: The Waldo Moment,2013,https://boxd.it/hRpQ,4
2025-01-10,Black Mirror: White Bear,2013,https://boxd.it/hRpG,3
2025-01-10,The Croods,2013,https://boxd.it/FRE,2
2025-01-10,Jobs,2013,https://boxd.it/3RcY,2
2025-01-10,Mama,2013,https://boxd.it/4i9s,3
2025-01-10,Les Misérables,2012,https://boxd.it/2TT4,3
2025-01-10,Pitch Perfect,2012,https://boxd.it/3OsE,2.5
2025-01-10,Step Up Revolution,2012,https://boxd.it/31yo,1
2025-01-10,Flatland²: Sphereland,2012,https://boxd.it/6L4q,1
2025-01-10,The Dark Knight Rises,2012,https://boxd.it/H3m,3.5
2025-01-10,The Woman in Black,2012,https://boxd.it/4wu,3.5
2025-01-10,Act of Valor,2012,https://boxd.it/2BCa,3.5
2025-01-10,The Dictator,2012,https://boxd.it/2DEW,2.5
2025-01-10,Men in Black 3,2012,https://boxd.it/103U,1.5
2025-01-10,21 Jump Street,2012,https://boxd.it/J0,2.5
2025-01-10,Madagascar 3: Europe's Most Wanted,2012,https://boxd.it/2NF6,1.5
2025-01-10,The Amazing Spider-Man,2012,https://boxd.it/27PI,2
2025-01-10,Alvin and the Chipmunks: Chipwrecked,2011,https://boxd.it/s9E,1
2025-01-10,Journey 2: The Mysterious Island,2012,https://boxd.it/2o8m,0.5
2025-01-10,Hotel Transylvania 2,2015,https://boxd.it/4ZLk,1.5
2025-01-10,Steve Jobs,2015,https://boxd.it/araG,3
2025-01-10,Sinister 2,2015,https://boxd.it/8L58,1
2025-01-10,The Man from U.N.C.L.E.,2015,https://boxd.it/67lG,3.5
2025-01-10,The 33,2015,https://boxd.it/9fJM,3.5
2025-01-10,Ant-Man,2015,https://boxd.it/3vmW,2.5
2025-01-10,Minions,2015,https://boxd.it/6jCO,2.5
2025-01-10,Insidious: Chapter 3,2015,https://boxd.it/8BkM,2
2025-01-10,San Andreas,2015,https://boxd.it/7sUa,1.5
2025-01-10,Mad Max: Fury Road,2015,https://boxd.it/2DjO,4
2025-01-10,Llamageddon,2015,https://boxd.it/kUzK,1
2025-01-10,Get Hard,2015,https://boxd.it/7Axe,1
2025-01-10,Mufasa: The Lion King,2024,https://boxd.it/sE9C,3.5
2025-01-11,The Lego Ninjago Movie,2017,https://boxd.it/8lEw,2
2025-01-11,Fantastic Beasts and Where to Find Them,2016,https://boxd.it/7FPC,2.5
2025-01-11,Hacksaw Ridge,2016,https://boxd.it/azew,4.5
2025-01-11,Sully,2016,https://boxd.it/cD8Q,3
2025-01-11,War Dogs,2016,https://boxd.it/9SlO,3
2025-01-11,The Hunger Games: Mockingjay – Part 2,2015,https://boxd.it/4hk0,3.5
2025-01-11,Jurassic World,2015,https://boxd.it/4n0g,2
2025-01-11,Avengers: Age of Ultron,2015,https://boxd.it/3qi6,1.5
2025-01-11,Furious 7,2015,https://boxd.it/5cVs,1
2025-01-11,"McFarland, USA",2015,https://boxd.it/6JCq,4
2025-01-11,The Hunger Games: Mockingjay – Part 1,2014,https://boxd.it/4hka,3
2025-01-11,Annabelle,2014,https://boxd.it/7l84,1
2025-01-11,The Maze Runner,2014,https://boxd.it/5YPM,1.5
2025-01-11,Dawn of the Planet of the Apes,2014,https://boxd.it/3XyQ,3.5
2025-01-11,The Fault in Our Stars,2014,https://boxd.it/6BQa,2.5
2025-01-11,How to Train Your Dragon 2,2014,https://boxd.it/2TRW,3
2025-01-11,X-Men: Days of Future Past,2014,https://boxd.it/4aRw,4
2025-01-11,Godzilla,2014,https://boxd.it/47OE,2
2025-01-11,Transcendence,2014,https://boxd.it/4VSQ,3
2025-01-11,The Amazing Spider-Man 2,2014,https://boxd.it/3utM,2
2025-01-11,Muppets Most Wanted,2014,https://boxd.it/4Cti,1
2025-01-11,Neighbors,2014,https://boxd.it/5Txe,2
2025-01-11,The Lego Movie,2014,https://boxd.it/4pDO,3
2025-01-11,Paranormal Activity: The Marked Ones,2014,https://boxd.it/6Ie8,1
2025-01-11,Anchorman 2: The Legend Continues,2013,https://boxd.it/3GNk,3
2025-01-11,Hotel Transylvania,2012,https://boxd.it/2DF6,1.5
2025-01-11,The Bourne Legacy,2012,https://boxd.it/H16,2
2025-01-11,Magic Mike,2012,https://boxd.it/2HvY,2.5
2025-01-11,Prometheus,2012,https://boxd.it/2s9e,3.5
2025-01-11,Chimpanzee,2012,https://boxd.it/2oFK,3
2025-01-11,The Help,2011,https://boxd.it/EDm,3.5
2025-01-11,Puss in Boots,2011,https://boxd.it/eL34,2
2025-01-11,The Muppets,2011,https://boxd.it/1zg,2.5
2025-01-11,Jack and Jill,2011,https://boxd.it/2pQu,0.5
2025-01-11,Phineas and Ferb The Movie: Across the 2nd Dimension,2011,https://boxd.it/2ql8,2
2025-01-11,The Smurfs,2011,https://boxd.it/Zcm,1
2025-01-11,Happy Feet Two,2011,https://boxd.it/2Om,1.5
2025-01-11,The Twilight Saga: Breaking Dawn – Part 1,2011,https://boxd.it/DdM,2
2025-01-11,Diary of a Wimpy Kid: Rodrick Rules,2011,https://boxd.it/gm2,2.5
2025-01-11,Rio,2011,https://boxd.it/NKc,1.5
2025-01-11,Winnie the Pooh,2011,https://boxd.it/C0C,2
2025-01-11,Fast Five,2011,https://boxd.it/BgO,2
2025-01-11,Pirates of the Caribbean: On Stranger Tides,2011,https://boxd.it/27Z4,2
2025-01-11,The Hangover Part II,2011,https://boxd.it/PZI,2.5
2025-01-11,Kung Fu Panda 2,2011,https://boxd.it/G36,3.5
2025-01-11,Cars 2,2011,https://boxd.it/H4Y,1
2025-01-11,Transformers: Dark of the Moon,2011,https://boxd.it/16aC,2.5
2025-01-11,Zookeeper,2011,https://boxd.it/16gq,1.5
2025-01-11,Harry Potter and the Deathly Hallows: Part 2,2011,https://boxd.it/1RYk,3
2025-01-11,Battle: Los Angeles,2011,https://boxd.it/QIS,1
2025-01-11,Mars Needs Moms,2011,https://boxd.it/DVu,0.5
2025-01-11,Rango,2011,https://boxd.it/QPk,4
2025-01-11,Just Go with It,2011,https://boxd.it/Doq,2.5
2025-01-11,Gnomeo & Juliet,2011,https://boxd.it/OKi,1.5
2025-01-11,The Green Hornet,2011,https://boxd.it/10TQ,0.5
2025-01-11,Gulliver's Travels,2010,https://boxd.it/15iK,1.5
2025-01-11,Family Guy Presents: It's a Trap!,2010,https://boxd.it/8v4S,2.5
2025-01-11,Little Fockers,2010,https://boxd.it/13Ea,0.5
2025-01-12,Roman Holiday,1953,https://boxd.it/29zW,4.5
2025-01-12,The Lorax,2012,https://boxd.it/2w9M,3
2025-01-12,Sherlock Holmes: A Game of Shadows,2011,https://boxd.it/k3S,3
2025-01-12,Paranormal Activity 3,2011,https://boxd.it/2o4O,3.5
2025-01-12,Hugo,2011,https://boxd.it/R08,2.5
2025-01-12,The Change-Up,2011,https://boxd.it/FRu,2
2025-01-12,Final Destination 5,2011,https://boxd.it/r1k,1.5
2025-01-12,Rise of the Planet of the Apes,2011,https://boxd.it/cS4,3
2025-01-12,"Crazy, Stupid, Love.",2011,https://boxd.it/D9A,3.5
2025-01-12,Bridesmaids,2011,https://boxd.it/rac,1
2025-01-12,Yogi Bear,2010,https://boxd.it/Zcc,1
2025-01-12,True Grit,2010,https://boxd.it/Sog,4
2025-01-12,TRON: Legacy,2010,https://boxd.it/1Dlo,0.5
2025-01-12,Tangled,2010,https://boxd.it/15gO,2.5
2025-01-12,Harry Potter and the Deathly Hallows: Part 1,2010,https://boxd.it/1RYu,2
2025-01-12,Scared Shrekless,2010,https://boxd.it/InW,2
2025-01-12,Saw 3D,2010,https://boxd.it/Znk,1.5
2025-01-12,Open Season 3,2010,https://boxd.it/BZk,1
2025-01-12,Paranormal Activity 2,2010,https://boxd.it/ZnO,3.5
2025-01-12,"Bo Burnham: Words, Words, Words",2010,https://boxd.it/JA8,3.5
2025-01-12,Jackass 3D,2010,https://boxd.it/1KpM,2.5
2025-01-12,Les Misérables: 25th Anniversary in Concert,2010,https://boxd.it/4XZY,4.5
2025-01-12,You Again,2010,https://boxd.it/16iw,2.5
2025-01-12,FRED: The Movie,2010,https://boxd.it/OAi,0.5
2025-01-12,Alpha and Omega,2010,https://boxd.it/1R9w,1
2025-01-12,Easy A,2010,https://boxd.it/17DK,3
2025-01-12,Vampires Suck,2010,https://boxd.it/125y,2.5
2025-01-12,Scott Pilgrim vs. the Animation,2010,https://boxd.it/Hwe,2.5
2025-01-12,Step Up 3D,2010,https://boxd.it/ZS8,3
2025-01-12,Cats & Dogs: The Revenge of Kitty Galore,2010,https://boxd.it/13l8,0.5
2025-01-12,Salt,2010,https://boxd.it/1rtK,2
2025-01-12,Legend of the Guardians: The Owls of Ga'Hoole,2010,https://boxd.it/ZUy,2.5
2025-01-12,The Last Airbender,2010,https://boxd.it/1WQK,0.5
2025-01-12,Grown Ups,2010,https://boxd.it/169a,1.5
2025-01-12,The Twilight Saga: Eclipse,2010,https://boxd.it/1ytW,2
2025-01-12,Toy Story 3,2010,https://boxd.it/1WRe,4.5
2025-01-12,The Karate Kid,2010,https://boxd.it/15HA,2.5
2025-01-12,Despicable Me,2010,https://boxd.it/1DD8,2
2025-01-12,Shrek Forever After,2010,https://boxd.it/1WRo,1
2025-01-12,Prince of Persia: The Sands of Time,2010,https://boxd.it/1YpQ,0.5
2025-01-12,Iron Man 2,2010,https://boxd.it/1WZM,2
2025-01-12,Clash of the Titans,2010,https://boxd.it/1GfI,1
2025-01-12,Hot Tub Time Machine,2010,https://boxd.it/1zIS,1
2025-01-12,A Serbian Film,2010,https://boxd.it/2wBc,3
2025-01-12,Kick-Ass,2010,https://boxd.it/1zaQ,3
2025-01-12,Alice in Wonderland,2010,https://boxd.it/1Spq,2.5
2025-01-12,Birdemic: Shock and Terror,2010,https://boxd.it/12Gk,3.5
2025-01-12,Valentine's Day,2010,https://boxd.it/1gui,3
2025-01-12,Percy Jackson & the Olympians: The Lightning Thief,2010,https://boxd.it/1gJi,1.5
2025-01-12,Catfish,2010,https://boxd.it/Xfy,2
2025-01-12,Tooth Fairy,2010,https://boxd.it/1zKE,0.5
2025-01-12,Alvin and the Chipmunks: The Squeakquel,2009,https://boxd.it/1zgk,1
2025-01-12,Sherlock Holmes,2009,https://boxd.it/1W2A,3
2025-01-12,Camp Rock,2008,https://boxd.it/1PHw,1
2025-01-12,Get Smart,2008,https://boxd.it/1Tig,3
2025-01-12,The Incredible Hulk,2008,https://boxd.it/28dU,1
2025-01-12,You Don't Mess with the Zohan,2008,https://boxd.it/1VHs,2.5
2025-01-12,Indiana Jones and the Kingdom of the Crystal Skull,2008,https://boxd.it/2aR8,2
2025-01-12,The Chronicles of Narnia: Prince Caspian,2008,https://boxd.it/26Hy,3
2025-01-12,Speed Racer,2008,https://boxd.it/20UQ,3
2025-01-12,X-Men: The Last Stand,2006,https://boxd.it/1a5Q,1.5
2025-01-12,Monster House,2006,https://boxd.it/1Z2e,3
2025-01-12,Garfield: A Tail of Two Kitties,2006,https://boxd.it/1YuG,1.5
2025-01-12,Nacho Libre,2006,https://boxd.it/1YTG,3
2025-01-12,The Devil Wears Prada,2006,https://boxd.it/2awE,3
2025-01-12,Superman Returns,2006,https://boxd.it/28J2,2
2025-01-12,Click,2006,https://boxd.it/1YVM,2.5
2025-01-12,The Number 23,2007,https://boxd.it/258C,2.5
2025-01-12,Night at the Museum,2006,https://boxd.it/28wi,3
2025-01-12,Borat: Cultural Learnings of America for Make Benefit Glorious Nation of Kazakhstan,2006,https://boxd.it/2agQ,2
2025-01-12,The Ant Bully,2006,https://boxd.it/1XyM,1
2025-01-12,Talladega Nights: The Ballad of Ricky Bobby,2006,https://boxd.it/1XYq,3.5
2025-01-12,Leroy & Stitch,2006,https://boxd.it/1C76,2.5
2025-01-12,Planet Earth,2006,https://boxd.it/5Nx8,4
2025-01-12,Ice Age: The Meltdown,2006,https://boxd.it/2wRk,3
2025-01-12,Jackass Number Two,2006,https://boxd.it/1SyM,3.5
2025-01-12,King Kong,2005,https://boxd.it/2aLa,3.5
2025-01-12,Star Wars: Episode III – Revenge of the Sith,2005,https://boxd.it/27US,4
2025-01-12,Kim Possible Movie: So the Drama,2005,https://boxd.it/1CVU,2.5
2025-01-12,Pride & Prejudice,2005,https://boxd.it/24u8,4.5
2025-01-12,Harry Potter and the Goblet of Fire,2005,https://boxd.it/29Qo,3.5
2025-01-12,Memoirs of a Geisha,2005,https://boxd.it/27TA,3.5
2025-01-12,"The Chronicles of Narnia: The Lion, the Witch and the Wardrobe",2005,https://boxd.it/2ark,3.5
2025-01-12,Hoodwinked!,2005,https://boxd.it/1UVS,2
2025-01-12,The Pink Panther,2006,https://boxd.it/1Sys,3
2025-01-12,The Benchwarmers,2006,https://boxd.it/1Xr2,2.5
2025-01-12,The Santa Clause 3: The Escape Clause,2006,https://boxd.it/1Psw,1.5
2025-01-12,Blades of Glory,2007,https://boxd.it/1Xrm,2.5
2025-01-12,High School Musical 2,2007,https://boxd.it/1PIu,3
2025-01-12,Across the Universe,2007,https://boxd.it/23X4,2
2025-01-12,Enchanted,2007,https://boxd.it/24co,2.5
2025-01-12,The Golden Compass,2007,https://boxd.it/272Q,3
2025-01-12,The Spiderwick Chronicles,2008,https://boxd.it/20v2,2
2025-01-12,"10,000 BC",2008,https://boxd.it/20NK,2.5
2025-01-12,Open Season,2006,https://boxd.it/20U2,3
2025-01-12,Batman Begins,2005,https://boxd.it/2aIg,3
2025-01-12,The Adventures of Sharkboy and Lavagirl,2005,https://boxd.it/1Ozm,2
2025-01-12,Tarzan II,2005,https://boxd.it/1LNU,1
2025-01-12,Fantastic Four,2005,https://boxd.it/1XVw,2
2025-01-12,Charlie and the Chocolate Factory,2005,https://boxd.it/2b68,2.5
2025-01-12,Sky High,2005,https://boxd.it/1TNI,2.5
2025-01-12,The 40 Year Old Virgin,2005,https://boxd.it/21hK,2.5
2025-01-12,The Longest Yard,2005,https://boxd.it/1Z3c,2.5
2025-01-12,Kronk's New Groove,2005,https://boxd.it/1Qd8,2
2025-01-12,Nirvana: Unplugged In New York,1993,https://boxd.it/1G0e,4.5
2025-01-12,All Quiet on the Western Front,2022,https://boxd.it/H08,3.5
2025-01-12,The Batman,2022,https://boxd.it/eDGs,4
2025-01-12,The Strokes: MTV $2 Bill Concert,2002,https://boxd.it/sZ7M,4.5
2025-01-12,This Is It,2009,https://boxd.it/1PRw,4
2025-01-12,Gabriel Iglesias: I'm Not Fat... I'm Fluffy,2009,https://boxd.it/1spE,3
2025-01-12,The Twilight Saga: New Moon,2009,https://boxd.it/1Hj2,2
2025-01-12,Planet 51,2009,https://boxd.it/1JA0,0.5
2025-01-12,The Lovely Bones,2009,https://boxd.it/20IA,4
2025-01-12,Old Dogs,2009,https://boxd.it/1zPE,2.5
2025-01-12,The Princess and the Frog,2009,https://boxd.it/1WQq,3.5
2025-01-12,Avatar,2009,https://boxd.it/1Efm,3.5
2025-01-12,17 Again,2009,https://boxd.it/1Jnq,2
2025-01-12,The Pink Panther 2,2009,https://boxd.it/1MHy,1.5
2025-01-12,X-Men Origins: Wolverine,2009,https://boxd.it/27ug,1
2025-01-12,Jackass: The Lost Tapes,2009,https://boxd.it/7U2A,2
2025-01-12,Astro Boy,2009,https://boxd.it/1JVW,2.5
2025-01-12,Saw VI,2009,https://boxd.it/1A2y,2.5
2025-01-12,Hachi: A Dog's Tale,2009,https://boxd.it/1q4a,3.5
2025-01-12,Year One,2009,https://boxd.it/1Ink,3
2025-01-12,Harry Potter and the Half-Blood Prince,2009,https://boxd.it/29FU,3.5
2025-01-12,Bedtime Stories,2008,https://boxd.it/1WPM,3.5
2025-01-12,Yes Man,2008,https://boxd.it/1WPW,3.5
2025-01-12,The Tale of Despereaux,2008,https://boxd.it/1WQg,3
2025-01-12,Earth,2007,https://boxd.it/1V0I,3.5
2025-01-12,The Bourne Ultimatum,2007,https://boxd.it/26Eu,3
2025-01-12,Underdog,2007,https://boxd.it/21vi,1.5
2025-01-12,Paranormal Activity,2007,https://boxd.it/1yIM,4
2025-01-12,Surf's Up,2007,https://boxd.it/1YKY,2.5
2025-01-12,Shrek the Third,2007,https://boxd.it/29yY,1.5
2025-01-12,SpongeBob's Atlantis SquarePantis,2007,https://boxd.it/baDI,2
2025-01-12,Evan Almighty,2007,https://boxd.it/26s4,2.5
2025-01-12,Fantastic Four: Rise of the Silver Surfer,2007,https://boxd.it/27Ii,1.5
2025-01-12,Harry Potter and the Order of the Phoenix,2007,https://boxd.it/29Qe,3
2025-01-12,Hairspray,2007,https://boxd.it/261M,3.5
2025-01-12,The Mummy: Tomb of the Dragon Emperor,2008,https://boxd.it/28ci,1.5
2025-01-12,Journey to the Center of the Earth,2008,https://boxd.it/38EI,1.5
2025-01-12,Pineapple Express,2008,https://boxd.it/1WRS,0.5
2025-01-12,Star Wars: The Clone Wars,2008,https://boxd.it/1Sly,2.5
2025-01-12,Step Up 2: The Streets,2008,https://boxd.it/20mk,3
2025-01-12,Saw IV,2007,https://boxd.it/29Sa,3
2025-01-12,Sydney White,2007,https://boxd.it/1VsM,2.5
2025-01-12,The House Bunny,2008,https://boxd.it/1RyG,2.5
2025-01-12,Disaster Movie,2008,https://boxd.it/1Pnc,1.5
2025-01-12,Beverly Hills Chihuahua,2008,https://boxd.it/1Ob0,1
2025-01-12,Open Season 2,2008,https://boxd.it/1PCm,2
2025-01-12,I Am Iron Man,2008,https://boxd.it/fYdI,3
2025-01-12,Nick and Norah's Infinite Playlist,2008,https://boxd.it/1Slo,3
2025-01-12,Monsters vs Aliens,2009,https://boxd.it/1M50,1.5
2025-01-12,Race to Witch Mountain,2009,https://boxd.it/1PiQ,2.5
2025-01-12,Coraline,2009,https://boxd.it/1NhQ,4
2025-01-12,2012,2009,https://boxd.it/1OE2,2
2025-01-12,Zombieland,2009,https://boxd.it/1En6,2.5
2025-01-12,Wizards of Waverly Place: The Movie,2009,https://boxd.it/1thQ,1
2025-01-12,G-Force,2009,https://boxd.it/1ETc,1
2025-01-12,Orphan,2009,https://boxd.it/1CgM,3
2025-01-12,Transformers: Revenge of the Fallen,2009,https://boxd.it/20gG,2
2025-01-12,Terminator Salvation,2009,https://boxd.it/2abQ,1.5
2025-01-12,Night at the Museum: Battle of the Smithsonian,2009,https://boxd.it/1H7U,2.5
2025-01-13,Paul Blart: Mall Cop,2009,https://boxd.it/1NQw,1.5
2025-01-13,Bride Wars,2009,https://boxd.it/1W3I,2
2025-01-13,A Matter of Loaf and Death,2008,https://boxd.it/1O4S,3.5
2025-01-13,Twilight,2008,https://boxd.it/1Zui,2.5
2025-01-13,Bolt,2008,https://boxd.it/1QXg,3
2025-01-13,Madagascar: Escape 2 Africa,2008,https://boxd.it/1W2K,3
2025-01-13,Saw V,2008,https://boxd.it/1SMa,3.5
2025-01-13,High School Musical 3: Senior Year,2008,https://boxd.it/1SR0,3
2025-01-13,Mamma Mia!,2008,https://boxd.it/1Tnq,3.5
2025-01-13,Tropic Thunder,2008,https://boxd.it/20WM,2.5
2025-01-13,Horton Hears a Who!,2008,https://boxd.it/1SfA,2.5
2025-01-13,21,2008,https://boxd.it/20BO,2.5
2025-01-13,Pirates of the Caribbean: At World's End,2007,https://boxd.it/2aGu,3
2025-01-13,TMNT,2007,https://boxd.it/28Xo,1.5
2025-01-13,Meet the Robinsons,2007,https://boxd.it/28Ym,3
2025-01-13,Mr. Bean's Holiday,2007,https://boxd.it/28Yc,2
2025-01-13,Ouija,2014,https://boxd.it/77SM,1
2025-01-13,Monkey Kingdom,2015,https://boxd.it/9m0Y,3
2025-01-13,The Little Mermaid: Ariel's Beginning,2008,https://boxd.it/1PEs,3
2025-01-13,Hotel Rwanda,2004,https://boxd.it/2aSA,4
2025-01-13,The Pacifier,2005,https://boxd.it/1Xhm,1
2025-01-13,Robots,2005,https://boxd.it/1Xve,2.5
2025-01-13,The Descent,2005,https://boxd.it/1YNy,3.5
2025-01-13,The Skeleton Dance,1929,https://boxd.it/374E,3.5
2025-01-13,Steamboat Willie,1928,https://boxd.it/wgk,4
2025-01-13,The Gold Rush,1925,https://boxd.it/29ce,4
2025-01-13,The Kid,1921,https://boxd.it/1X5U,4.5
2025-01-13,Sallie Gardner at a Gallop,1878,https://boxd.it/5QQi,2.5
2025-01-13,Rudolph the Red-Nosed Reindeer,1964,https://boxd.it/1Qis,3.5
2025-01-13,A Charlie Brown Christmas,1965,https://boxd.it/1QDq,3.5
2025-01-13,A Hard Day's Night,1964,https://boxd.it/29LS,3
2025-01-13,To Kill a Mockingbird,1962,https://boxd.it/2a2E,4
2025-01-13,Modern Times,1936,https://boxd.it/25MC,4
2025-01-13,City Lights,1931,https://boxd.it/29ki,4.5
2025-01-13,Snow White and the Seven Dwarfs,1937,https://boxd.it/2arO,3.5
2025-01-13,Casablanca,1942,https://boxd.it/2aG0,4.5
2025-01-13,The Wizard of Oz,1939,https://boxd.it/29Xu,4.5
2025-01-13,It's a Wonderful Life,1946,https://boxd.it/28xA,4.5
2025-01-13,Rebel Without a Cause,1955,https://boxd.it/2aQu,3.5
2025-01-13,The Ten Commandments,1956,https://boxd.it/21mg,3.5
2025-01-13,Alice in Wonderland,1951,https://boxd.it/1Sz6,4
2025-01-13,Cinderella,1950,https://boxd.it/1Uki,3
2025-01-13,Sleeping Beauty,1959,https://boxd.it/1V9A,3.5
2025-01-13,Bambi,1942,https://boxd.it/25AQ,3.5
2025-01-13,Lady and the Tramp,1955,https://boxd.it/1Wv8,3
2025-01-13,One Hundred and One Dalmatians,1961,https://boxd.it/1SeC,3
2025-01-13,The Blues Brothers,1980,https://boxd.it/2adi,3.5
2025-01-13,Jack Frost,1979,https://boxd.it/1tGm,2.5
2025-01-13,Casper's Halloween Special,1979,https://boxd.it/dIxI,3
2025-01-13,Alien,1979,https://boxd.it/2awY,4.5
2025-01-13,Animal House,1978,https://boxd.it/2062,3.5
2025-01-13,Grease,1978,https://boxd.it/29YW,3
2025-01-13,Jaws 2,1978,https://boxd.it/2a54,2
2025-01-13,Saturday Night Fever,1977,https://boxd.it/1URQ,4
2025-01-13,The Many Adventures of Winnie the Pooh,1977,https://boxd.it/7l0Y,3
2025-01-13,The Exorcist,1973,https://boxd.it/1Yoo,3.5
2025-01-13,A Charlie Brown Thanksgiving,1973,https://boxd.it/1Q5I,3.5
2025-01-13,Santa Claus Is Comin' to Town,1970,https://boxd.it/1QfI,2.5
2025-01-13,Frosty the Snowman,1969,https://boxd.it/1PEC,3
2025-01-13,A Boy Named Charlie Brown,1969,https://boxd.it/1MmA,3
2025-01-13,"It's the Great Pumpkin, Charlie Brown",1966,https://boxd.it/1Qmu,3
2025-01-13,How the Grinch Stole Christmas!,1966,https://boxd.it/1Qj6,3
2025-01-13,Batman,1966,https://boxd.it/26uO,3
2025-01-13,The Aristocats,1970,https://boxd.it/1X3Y,3
2025-01-13,Caddyshack,1980,https://boxd.it/1SCO,3.5
2025-01-13,Superman II,1980,https://boxd.it/204q,3
2025-01-13,Raiders of the Lost Ark,1981,https://boxd.it/2bbs,3.5
2025-01-13,History of the World: Part I,1981,https://boxd.it/1WWS,3.5
2025-01-13,Annie,1982,https://boxd.it/1LCi,2.5
2025-01-13,E.T. the Extra-Terrestrial,1982,https://boxd.it/2a1G,3
2025-01-13,The Thing,1982,https://boxd.it/294O,4.5
2025-01-13,Tron,1982,https://boxd.it/2b9w,3
2025-01-13,First Blood,1982,https://boxd.it/28U0,3
2025-01-13,WarGames,1983,https://boxd.it/29qU,3.5
2025-01-13,Trading Places,1983,https://boxd.it/28sK,3.5
2025-01-13,Indiana Jones and the Temple of Doom,1984,https://boxd.it/2bb8,3.5
2025-01-13,Gremlins,1984,https://boxd.it/29gg,2
2025-01-13,The Karate Kid,1984,https://boxd.it/27Wk,3
2025-01-13,Rambo: First Blood Part II,1985,https://boxd.it/28TQ,2.5
2025-01-13,Ghostbusters,1984,https://boxd.it/g2w,3
2025-01-13,Dune,1984,https://boxd.it/29tY,3
2025-01-13,Pee-wee's Big Adventure,1985,https://boxd.it/22Lw,2.5
2025-01-13,Rocky V,1990,https://boxd.it/28SS,2.5
2025-01-13,Teenage Mutant Ninja Turtles III,1993,https://boxd.it/28FO,2
2025-01-13,Aladdin,1992,https://boxd.it/29yE,3.5
2025-01-13,The Mighty Ducks,1992,https://boxd.it/1Wka,1.5
2025-01-13,Batman Returns,1992,https://boxd.it/2awa,3.5
2025-01-13,Killer Klowns from Outer Space,1988,https://boxd.it/1Kpi,1
2025-01-13,Who Framed Roger Rabbit,1988,https://boxd.it/29ry,2.5
2025-01-13,Coming to America,1988,https://boxd.it/1Ygu,3.5
2025-01-13,Tin Toy,1988,https://boxd.it/1P7e,3
2025-01-13,Bill & Ted's Excellent Adventure,1989,https://boxd.it/28oI,2.5
2025-01-13,Indiana Jones and the Last Crusade,1989,https://boxd.it/2baO,3.5
2025-01-13,The Karate Kid Part III,1989,https://boxd.it/1W7q,2
2025-01-13,Batman,1989,https://boxd.it/2aIU,3
2025-01-13,The Little Mermaid,1989,https://boxd.it/1WYO,3
2025-01-13,All Dogs Go to Heaven,1989,https://boxd.it/1TIo,2.5
2025-01-13,Pretty Woman,1990,https://boxd.it/2b6M,3.5
2025-01-13,"Honey, I Shrunk the Kids",1989,https://boxd.it/1YTw,2.5
2025-01-13,The Godfather Part III,1990,https://boxd.it/2aN6,2.5
2025-01-13,Gremlins 2: The New Batch,1990,https://boxd.it/29g6,0.5
2025-01-13,Beauty and the Beast,1991,https://boxd.it/1XhG,3.5
2025-01-13,Sister Act,1992,https://boxd.it/27EA,3
2025-01-13,Spaceballs,1987,https://boxd.it/29cy,3
2025-01-13,Captain EO,1986,https://boxd.it/VLXM,2
2025-01-13,The Fly,1986,https://boxd.it/1YIe,4
2025-01-13,The Karate Kid Part II,1986,https://boxd.it/1ZJM,3
2025-01-13,Top Gun,1986,https://boxd.it/29JC,4
2025-01-13,The Life and Adventures of Santa Claus,1985,https://boxd.it/Hou,2
2025-01-13,Teen Wolf,1985,https://boxd.it/1T0c,2
2025-01-13,A Muppet Family Christmas,1987,https://boxd.it/1Qy6,1
2025-01-13,The Garbage Pail Kids Movie,1987,https://boxd.it/1O5w,1
2025-01-13,Terminator 2: Judgment Day,1991,https://boxd.it/2aGY,4
2025-01-13,Bill & Ted's Bogus Journey,1991,https://boxd.it/28oy,2
2025-01-13,Bloodsport,1988,https://boxd.it/1Tee,3
2025-01-13,The Sandlot,1993,https://boxd.it/1TDy,3.5
2025-01-13,Robin Hood: Men in Tights,1993,https://boxd.it/20H8,2.5
2025-01-13,What's Eating Gilbert Grape,1993,https://boxd.it/28xg,3.5
2025-01-13,The Nightmare Before Christmas,1993,https://boxd.it/1YzQ,4
2025-01-13,Mrs. Doubtfire,1993,https://boxd.it/29Cw,3.5
2025-01-13,Ace Ventura: Pet Detective,1994,https://boxd.it/25RW,3
2025-01-13,The Return of Jafar,1994,https://boxd.it/1L6G,2
2025-01-13,True Lies,1994,https://boxd.it/19pq,3
2025-01-13,The Little Rascals,1994,https://boxd.it/1V8i,3
2025-01-13,The Santa Clause,1994,https://boxd.it/1TWK,3
2025-01-13,Billy Madison,1995,https://boxd.it/1UQI,3
2025-01-13,Tommy Boy,1995,https://boxd.it/1TZ0,2
2025-01-13,Casper,1995,https://boxd.it/1ZMw,1.5
2025-01-13,Batman Forever,1995,https://boxd.it/2ara,1
2025-01-13,Pocahontas,1995,https://boxd.it/1W2g,3
2025-01-13,Babe,1995,https://boxd.it/1Yh8,3
2025-01-13,Waterworld,1995,https://boxd.it/1XLG,1
2025-01-13,Romeo + Juliet,1996,https://boxd.it/2ama,1.5
2025-01-13,Kingpin,1996,https://boxd.it/1TB8,3
2025-01-13,The Hunchback of Notre Dame,1996,https://boxd.it/1VZQ,3
2025-01-13,Space Jam,1996,https://boxd.it/26YO,3
2025-01-13,Jingle All the Way,1996,https://boxd.it/1Z58,2.5
2025-01-13,101 Dalmatians,1996,https://boxd.it/1TgO,2
2025-01-13,Beavis and Butt-Head Do America,1996,https://boxd.it/25zo,2.5
2025-01-13,Selena,1997,https://boxd.it/1KVS,3
2025-01-13,Mortal Kombat,1995,https://boxd.it/1YZY,1
2025-01-13,Ace Ventura: When Nature Calls,1995,https://boxd.it/1Z66,2
2025-01-13,Jumanji,1995,https://boxd.it/1ZLI,3
2025-01-13,Muppet Treasure Island,1996,https://boxd.it/1VaS,2.5
2025-01-13,Aladdin and the King of Thieves,1996,https://boxd.it/1Ui2,2.5
2025-01-13,The Cable Guy,1996,https://boxd.it/1XAI,3
2025-01-13,Jack,1996,https://boxd.it/21au,3
2025-01-13,The Nutty Professor,1996,https://boxd.it/1YXI,2
2025-01-13,Matilda,1996,https://boxd.it/1VhY,3.5
2025-01-13,"Honey, We Shrunk Ourselves",1997,https://boxd.it/1TS4,2.5
2025-01-13,Cats,1998,https://boxd.it/1tyC,4
2025-01-13,Flubber,1997,https://boxd.it/1YkQ,2
2025-01-13,Geri's Game,1997,https://boxd.it/1P6U,3.5
2025-01-13,The Lost World: Jurassic Park,1997,https://boxd.it/2azS,3.5
2025-01-13,Austin Powers: International Man of Mystery,1997,https://boxd.it/29y0,2.5
2025-01-13,Hercules,1997,https://boxd.it/1SDW,3
2025-01-13,Mulan,1998,https://boxd.it/1VFw,4
2025-01-13,The Man in the Iron Mask,1998,https://boxd.it/1YZO,4
2025-01-13,Home Alone 3,1997,https://boxd.it/1XZ4,2.5
2025-01-13,The Devil's Advocate,1997,https://boxd.it/286k,3.5
2025-01-13,Air Bud,1997,https://boxd.it/1CYY,2
2025-01-13,George of the Jungle,1997,https://boxd.it/1VQO,3
2025-01-13,Antz,1998,https://boxd.it/1ZB4,2
2025-01-13,Scooby-Doo on Zombie Island,1998,https://boxd.it/1QIg,1.5
2025-01-13,Kuch Kuch Hota Hai,1998,https://boxd.it/1SVG,3.5
2025-01-13,Doctor Dolittle,1998,https://boxd.it/25RM,3
2025-01-13,The Mask of Zorro,1998,https://boxd.it/1YVi,3.5
2025-01-13,Saving Private Ryan,1998,https://boxd.it/29ro,4
2025-01-13,"Me, Myself & Irene",2000,https://boxd.it/27nY,2.5
2025-01-13,Stuart Little,1999,https://boxd.it/1WZW,2
2025-01-13,Fantasia 2000,1999,https://boxd.it/ENG,3.5
2025-01-13,The Lion King II: Simba's Pride,1998,https://boxd.it/1XWu,3
2025-01-13,The Waterboy,1998,https://boxd.it/1VHi,2.5
2025-01-13,The Mummy,1999,https://boxd.it/2a7a,3
2025-01-13,Star Wars: Episode I – The Phantom Menace,1999,https://boxd.it/27Vc,4
2025-01-13,Austin Powers: The Spy Who Shagged Me,1999,https://boxd.it/29xQ,3.5
2025-01-13,"South Park: Bigger, Longer & Uncut",1999,https://boxd.it/1YAO,2.5
2025-01-13,The Road to El Dorado,2000,https://boxd.it/1W6s,3
2025-01-13,An Extremely Goofy Movie,2000,https://boxd.it/1LOo,3
2025-01-13,The Little Mermaid II: Return to the Sea,2000,https://boxd.it/1V88,1.5
2025-01-13,Annie,1999,https://boxd.it/1upm,2.5
2025-01-13,Mickey's Once Upon a Christmas,1999,https://boxd.it/1Mj2,2.5
2025-01-13,Deep Blue Sea,1999,https://boxd.it/1ZBo,1
2025-01-13,Inspector Gadget,1999,https://boxd.it/2azy,3
2025-01-13,American Pie,1999,https://boxd.it/27qy,1.5
2025-01-13,Big Daddy,1999,https://boxd.it/1ZkW,2
2025-01-13,Little Nicky,2000,https://boxd.it/1Y4I,0.5
2025-01-13,Meet the Parents,2000,https://boxd.it/28vE,3
2025-01-13,Dinosaur,2000,https://boxd.it/1VWi,2
2025-01-13,Battlefield Earth,2000,https://boxd.it/231O,1
2025-01-13,The Patriot,2000,https://boxd.it/27Bw,3
2025-01-13,Scary Movie,2000,https://boxd.it/24CG,3.5
2025-01-13,X-Men,2000,https://boxd.it/1a7s,3
2025-01-13,The Mummy Returns,2001,https://boxd.it/28cs,3
2025-01-13,A Knight's Tale,2001,https://boxd.it/1YAk,3.5
2025-01-13,From Hell,2001,https://boxd.it/29FK,3.5
2025-01-13,Miss Congeniality,2000,https://boxd.it/28GM,3
2025-01-13,Moulin Rouge!,2001,https://boxd.it/29wI,3.5
2025-01-13,Remember the Titans,2000,https://boxd.it/1VLk,3.5
2025-01-13,Buzz Lightyear of Star Command: The Adventure Begins,2000,https://boxd.it/1KDu,2.5
2025-01-13,Apostle,2018,https://boxd.it/f0so,3
2025-01-13,The Departed,2006,https://boxd.it/28MA,4.5
2025-01-13,Barnyard,2006,https://boxd.it/1XyC,1.5
2025-01-13,Step Up,2006,https://boxd.it/1XS8,3.5
2025-01-13,Death Note,2006,https://boxd.it/psEs,4
2025-01-13,Saw III,2006,https://boxd.it/2aRC,4
2025-01-13,Over the Hedge,2006,https://boxd.it/20QY,2.5
2025-01-13,A Movie of Eggs,2006,https://boxd.it/1JII,2.5
2025-01-13,Scary Movie 4,2006,https://boxd.it/24B4,1.5
2025-01-13,The Wild,2006,https://boxd.it/1Xz6,0.5
2025-01-13,Aquamarine,2006,https://boxd.it/1OAE,1.5
2025-01-13,She's the Man,2006,https://boxd.it/1Y7W,3
2025-01-13,The Phantom of the Opera,2004,https://boxd.it/1XHu,3
2025-01-13,The Grudge,2004,https://boxd.it/27Jq,3.5
2025-01-13,National Treasure,2004,https://boxd.it/27x0,3.5
2025-01-13,Lilo & Stitch 2: Stitch Has a Glitch,2005,https://boxd.it/1CXw,2
2025-01-13,Arthur and the Invisibles,2006,https://boxd.it/1Xm2,2
2025-01-13,Charlotte's Web,2006,https://boxd.it/1Xn0,2
2025-01-13,Happy Feet,2006,https://boxd.it/1XH0,2.5
2025-01-13,High School Musical,2006,https://boxd.it/1V0y,3
2025-01-13,The Legend of Zorro,2005,https://boxd.it/28nq,3
2025-01-13,Epic Movie,2007,https://boxd.it/1XSs,1.5
2025-01-13,Flatland,2007,https://boxd.it/bc6w,1.5
2025-01-13,Curious George,2006,https://boxd.it/1Xos,2.5
2025-01-13,Spanglish,2004,https://boxd.it/26Cy,3.5
2025-01-13,Meet the Fockers,2004,https://boxd.it/29NE,2.5
2025-01-13,Mr. & Mrs. Smith,2005,https://boxd.it/29CG,3
2025-01-13,Catwoman,2004,https://boxd.it/2aBY,1
2025-01-13,Shark Tale,2004,https://boxd.it/1VYe,1
2025-01-13,The Matrix Reloaded,2003,https://boxd.it/2a1c,2.5
2025-01-13,Bruce Almighty,2003,https://boxd.it/2aCC,3
2025-01-13,Holes,2003,https://boxd.it/20mE,3
2025-01-13,The Matrix Revolutions,2003,https://boxd.it/2a12,1.5
2025-01-13,Young Black Stallion,2003,https://boxd.it/WXk,3
2025-01-13,The Lion King 1½,2004,https://boxd.it/1TRg,2.5
2025-01-13,Miracle,2004,https://boxd.it/1OmM,3.5
2025-01-13,The Passion of the Christ,2004,https://boxd.it/29ZK,4
2025-01-13,Devdas,2002,https://boxd.it/1Leq,4
2025-01-13,Austin Powers in Goldmember,2002,https://boxd.it/29xG,3
2025-01-13,Spy Kids 2: The Island of Lost Dreams,2002,https://boxd.it/1Yyo,3
2025-01-13,Frida,2002,https://boxd.it/28Vi,2.5
2025-01-13,The Santa Clause 2,2002,https://boxd.it/1ZmI,3.5
2025-01-13,The Ring,2002,https://boxd.it/2a70,3
2025-01-13,Harry Potter and the Prisoner of Azkaban,2004,https://boxd.it/29Qy,3.5
2025-01-13,Peter Pan,2003,https://boxd.it/1VQY,2.5
2025-01-13,School of Rock,2003,https://boxd.it/28xK,3
2025-01-13,George of the Jungle 2,2003,https://boxd.it/1ueo,1.5
2025-01-13,Sinbad: Legend of the Seven Seas,2003,https://boxd.it/1Oa2,2
2025-01-13,Freaky Friday,2003,https://boxd.it/1WwK,1.5
2025-01-13,50 First Dates,2004,https://boxd.it/285c,4
2025-01-13,Scooby-Doo 2: Monsters Unleashed,2004,https://boxd.it/1UPA,2.5
2025-01-13,Home on the Range,2004,https://boxd.it/1PB4,2
2025-01-13,Kill Bill: Vol. 2,2004,https://boxd.it/2au4,3.5
2025-01-13,13 Going on 30,2004,https://boxd.it/1X6e,2.5
2025-01-13,Mean Girls,2004,https://boxd.it/1VNg,2.5
2025-01-13,Garfield,2004,https://boxd.it/1ZAA,2
2025-01-13,Dead Silence,2007,https://boxd.it/1OWK,1
2025-01-13,Kabhi Khushi Kabhie Gham,2001,https://boxd.it/1Vtg,3.5
2025-01-13,Black Hawk Down,2001,https://boxd.it/29rI,3
2025-01-13,Jimmy Neutron: Boy Genius,2001,https://boxd.it/1RDm,1.5
2025-01-13,Stuart Little 2,2002,https://boxd.it/1UTW,1
2025-01-13,Scooby-Doo,2002,https://boxd.it/1YaQ,1.5
2025-01-13,X2,2003,https://boxd.it/1a7i,3.5
2025-01-13,Black Mirror: Black Museum,2017,https://boxd.it/hRqu,4
2025-01-13,Ice Princess,2005,https://boxd.it/1QjA,2
2025-01-13,Team America: World Police,2004,https://boxd.it/24QS,2
2025-01-13,Bionicle 2: Legends of Metru Nui,2004,https://boxd.it/1C0a,2.5
2025-01-13,Barbie as The Princess & the Pauper,2004,https://boxd.it/1MGU,3
2025-01-13,Superbabies: Baby Geniuses 2,2004,https://boxd.it/1jOA,0.5
2025-01-13,A Cinderella Story,2004,https://boxd.it/1UgU,3.5
2025-01-13,Anchorman: The Legend of Ron Burgundy,2004,https://boxd.it/1ZVo,2.5
2025-01-13,White Chicks,2004,https://boxd.it/1SpK,2.5
2025-01-13,DodgeBall: A True Underdog Story,2004,https://boxd.it/1YAY,3
2025-01-13,Ella Enchanted,2004,https://boxd.it/1O5G,2
2025-01-13,Saw,2004,https://boxd.it/2aWW,3.5
2025-01-13,Kim Possible: A Sitch In Time,2003,https://boxd.it/AxY,1.5
2025-01-13,Scary Movie 3,2003,https://boxd.it/24Be,2
2025-01-13,Love Actually,2003,https://boxd.it/2aeU,3
2025-01-13,Hulk,2003,https://boxd.it/27PS,2
2025-01-13,Inspector Gadget 2,2003,https://boxd.it/1Eyy,2.5
2025-01-13,Charlie's Angels,2000,https://boxd.it/24v6,3
2025-01-13,Blow,2001,https://boxd.it/24Mm,3.5
2025-01-13,Bring It On,2000,https://boxd.it/28x6,2
2025-01-13,Chicken Run,2000,https://boxd.it/20Xg,3.5
2025-01-13,The Fast and the Furious,2001,https://boxd.it/1XMu,3
2025-01-13,Lara Croft: Tomb Raider,2001,https://boxd.it/27G2,2
2025-01-13,Men in Black II,2002,https://boxd.it/2a0y,2
2025-01-13,Adventure Time,2007,https://boxd.it/bZZ6,4
2025-01-13,Atlantis: The Lost Empire,2001,https://boxd.it/1Vck,3
2025-01-13,Cats & Dogs,2001,https://boxd.it/1UUq,2
2025-01-13,Shaolin Soccer,2001,https://boxd.it/1T86,2
2025-01-13,Legally Blonde,2001,https://boxd.it/1ZNa,3
2025-01-13,The Princess Diaries,2001,https://boxd.it/1XCO,2.5
2025-01-13,American Pie 2,2001,https://boxd.it/26kO,1
2025-01-13,Osmosis Jones,2001,https://boxd.it/1RAi,3
2025-01-13,The Blue Planet,2001,https://boxd.it/62qQ,3.5
2025-01-13,Scooby-Doo and the Cyber Chase,2001,https://boxd.it/1LTy,2.5
2025-01-13,Harry Potter and the Philosopher's Stone,2001,https://boxd.it/29QS,3
2025-01-13,Ocean's Eleven,2001,https://boxd.it/2aZm,4
2025-01-13,Ali,2001,https://boxd.it/205e,3.5
2025-01-13,Snow Dogs,2002,https://boxd.it/1SQQ,1.5
2025-01-13,A Charlie Brown Valentine,2002,https://boxd.it/1qk8,3
2025-01-13,Jackass: The Movie,2002,https://boxd.it/1Zo0,2.5
2025-01-13,Harry Potter and the Chamber of Secrets,2002,https://boxd.it/29QI,3.5
2025-01-13,Treasure Planet,2002,https://boxd.it/1Znm,3.5
2025-01-13,Scary Movie 2,2001,https://boxd.it/24Cw,2.5
2025-01-13,Chicago,2002,https://boxd.it/28zm,4
2025-01-13,The Hot Chick,2002,https://boxd.it/1SW0,3
2025-01-13,The Jungle Book 2,2003,https://boxd.it/1NcQ,2.5
2025-01-13,Black Mirror: Nosedive,2016,https://boxd.it/hK9G,3.5
2025-01-13,Black Mirror: The National Anthem,2011,https://boxd.it/hQYK,3.5
2025-01-13,Black Mirror: The Entire History of You,2011,https://boxd.it/hQZ4,4
2025-01-13,Black Mirror: Be Right Back,2013,https://boxd.it/hRpw,3
2025-01-13,Black Mirror: White Christmas,2014,https://boxd.it/B3qu,3.5
2025-01-13,Black Mirror: San Junipero,2016,https://boxd.it/k4aS,3.5
2025-01-13,Black Mirror: Playtest,2016,https://boxd.it/hRR6,3.5
2025-01-13,Black Mirror: Metalhead,2017,https://boxd.it/hRqk,2
2025-01-13,Black Mirror: Hang the DJ,2017,https://boxd.it/hQYA,3
2025-01-13,Black Mirror: Crocodile,2017,https://boxd.it/hRoS,2.5
2025-01-13,Black Mirror: Arkangel,2017,https://boxd.it/hQXW,2.5
2025-01-13,Black Mirror: Fifteen Million Merits,2011,https://boxd.it/hQYU,4
2025-01-13,Black Mirror: USS Callister,2017,https://boxd.it/hQXi,3
2025-01-13,Black Mirror: Hated in the Nation,2016,https://boxd.it/hSBI,3
2025-01-13,Black Mirror: Shut Up and Dance,2016,https://boxd.it/hRRq,4.5
2025-01-14,Sunset Boulevard,1950,https://boxd.it/2a20,5
2025-01-14,East of Eden,1955,https://boxd.it/2aQE,4.5
2025-01-16,The Menu,2022,https://boxd.it/lScm,3
2025-01-18,The Brutalist,2024,https://boxd.it/k4BO,5
2025-01-19,8 Mile,2002,https://boxd.it/2bew,3.5
2025-01-19,Life of Brian,1979,https://boxd.it/2a4q,4
2025-01-21,Godzilla Minus One,2023,https://boxd.it/zu4c,4
2025-01-21,The Whale,2022,https://boxd.it/tw4c,4
2025-01-21,The Lighthouse,2019,https://boxd.it/icFU,4
2025-01-22,Flow,2024,https://boxd.it/v1Ei,4
2025-01-22,The Devil All the Time,2020,https://boxd.it/i2tY,3.5
2025-01-22,Dear Evan Hansen,2021,https://boxd.it/kOP8,4
2025-01-22,Parasite,2019,https://boxd.it/hTha,4.5
2025-01-22,Fight Club,1999,https://boxd.it/2a9q,4.5
2025-01-22,La La Land,2016,https://boxd.it/a5fa,4
2025-01-22,Whiplash,2014,https://boxd.it/7bQA,4
2025-01-22,Saltburn,2023,https://boxd.it/z4eg,3
2025-01-22,10 Things I Hate About You,1999,https://boxd.it/23AO,3
2025-01-22,Blade Runner 2049,2017,https://boxd.it/b8wK,4
2025-01-22,TÁR,2022,https://boxd.it/uNIA,4
2025-01-22,Titanic,1997,https://boxd.it/2a2k,4
2025-01-22,Black Swan,2010,https://boxd.it/Sw0,4
2025-01-22,The Shining,1980,https://boxd.it/29Nu,3.5
2025-01-22,Fantastic Mr. Fox,2009,https://boxd.it/1WyQ,4
2025-01-22,The Lord of the Rings: The Fellowship of the Ring,2001,https://boxd.it/2b5O,3.5
2025-01-22,Jesus of Nazareth,1977,https://boxd.it/hLhG,3.5
2025-01-23,Buffalo '66,1998,https://boxd.it/1YC6,4
2025-01-23,3 Ninjas,1992,https://boxd.it/1KmI,2
2025-01-23,Aliens,1986,https://boxd.it/29PA,4.5
2025-01-24,Paint Drying,2016,https://boxd.it/UYIe,0.5
2025-01-24,Wild Strawberries,1957,https://boxd.it/29ZU,5
2025-01-24,Dancer in the Dark,2000,https://boxd.it/71E,5
2025-01-24,Nickel Boys,2024,https://boxd.it/CStQ,4.5
2025-01-26,Polytechnique,2009,https://boxd.it/1AMG,4
2025-01-27,Conclave,2024,https://boxd.it/AO8q,4
2025-01-27,Cabaret,1972,https://boxd.it/1Vpe,4
2025-01-27,Elephant,2003,https://boxd.it/287i,3
2025-01-27,Videodrome,1983,https://boxd.it/29uC,4.5
2025-01-28,A Better Life,2011,https://boxd.it/ram,4
2025-01-30,One of Them Days,2025,https://boxd.it/MReU,3
2025-01-31,Suspiria,1977,https://boxd.it/1SNW,3.5
2025-02-01,Three Colours: Blue,1993,https://boxd.it/2b7K,4.5
2025-02-01,Three Colours: White,1994,https://boxd.it/2b7A,4.5
2025-02-02,Three Colours: Red,1994,https://boxd.it/2b7q,5
2025-02-02,Paddington,2014,https://boxd.it/3RKw,3
2025-02-02,Paddington 2,2017,https://boxd.it/bCF8,4.5
2025-02-03,28 Days Later,2002,https://boxd.it/2aXU,3.5
2025-02-05,Me Before You,2016,https://boxd.it/9n98,3.5
2025-02-06,It Happened One Night,1934,https://boxd.it/25Ng,4.5
2025-02-07,Baby's Day Out,1994,https://boxd.it/1Ume,3.5
2025-02-07,Becoming Led Zeppelin,2025,https://boxd.it/wobU,3.5
2025-02-08,I'm Still Here,2024,https://boxd.it/BPEO,4
2025-02-09,Paddington in Peru,2024,https://boxd.it/iJve,4
2025-02-09,Chungking Express,1994,https://boxd.it/1UDa,4
2025-02-13,His Girl Friday,1940,https://boxd.it/25M8,3.5
2025-02-14,Sense and Sensibility,1995,https://boxd.it/244E,4
2025-02-15,Noises Off...,1992,https://boxd.it/1tpA,4.5
2025-02-15,Airplane!,1980,https://boxd.it/29yu,4
2025-02-17,Punch-Drunk Love,2002,https://boxd.it/20E4,4
2025-02-17,Cannibal Holocaust,1980,https://boxd.it/1ZWQ,2
2025-02-20,He's Just Not That Into You,2009,https://boxd.it/1WSG,3
2025-02-21,The Perks of Being a Wallflower,2012,https://boxd.it/2ZA8,4
2025-02-25,Autumn Sonata,1978,https://boxd.it/1Rio,4.5
2025-03-07,Mickey 17,2025,https://boxd.it/q1Dk,4
2025-03-11,City of God,2002,https://boxd.it/2a2a,4.5
2025-03-11,Lilya 4-ever,2002,https://boxd.it/1SyW,4.5
2025-03-13,Look Back,2024,https://boxd.it/LjA6,4
2025-03-15,Midnight Cowboy,1969,https://boxd.it/25Hi,4.5
2025-03-17,The Love Witch,2016,https://boxd.it/cZie,4
2025-03-29,Magnolia,1999,https://boxd.it/2aze,4.5
2025-03-29,Prisoners,2013,https://boxd.it/4E5i,4
2025-03-29,Ran,1985,https://boxd.it/1Tlu,5
2025-04-04,A Minecraft Movie,2025,https://boxd.it/zRro,2.5
2025-04-07,Snow White,2025,https://boxd.it/fVuc,1
2025-04-11,Warfare,2025,https://boxd.it/LbRo,3.5
2025-04-12,Napoleon Dynamite,2004,https://boxd.it/20wu,3
2025-04-12,Phantom Thread,2017,https://boxd.it/e4uc,5
2025-04-15,The Master,2012,https://boxd.it/2cBG,4.5
2025-04-18,"Love, Death & Robots: Jibaro",2022,https://boxd.it/EqO6,4.5
2025-04-18,"Love, Death & Robots: Zima Blue",2019,https://boxd.it/lJGM,4
2025-04-18,"Love, Death & Robots: Bad Travelling",2022,https://boxd.it/BykM,4
2025-04-18,"Love, Death & Robots: Three Robots: Exit Strategies",2022,https://boxd.it/AVpy,3
2025-04-18,A Goofy Movie,1995,https://boxd.it/1Lwu,3.5
2025-04-22,Midsommar,2019,https://boxd.it/jhxe,4
2025-04-22,Dreams,1990,https://boxd.it/1ROu,3.5
2025-04-22,The Big Short,2015,https://boxd.it/ajZw,3
2025-04-22,Alien Resurrection,1997,https://boxd.it/20zI,3
2025-04-22,Alien³,1992,https://boxd.it/20zS,2.5
2025-04-23,The Tree of Life,2011,https://boxd.it/1Zu8,3
2025-04-24,Sinners,2025,https://boxd.it/KQMM,4
2025-04-24,Mission: Impossible,1996,https://boxd.it/29d2,3.5
2025-04-24,Dumb and Dumberer: When Harry Met Lloyd,2003,https://boxd.it/1WXw,2
2025-04-28,Ring,1998,https://boxd.it/26tw,3
2025-04-28,Jumanji: Welcome to the Jungle,2017,https://boxd.it/bUeE,2.5
2025-04-28,Dora and the Lost City of Gold,2019,https://boxd.it/i1VW,2
2025-05-02,Incantation,2022,https://boxd.it/wFiI,3.5
2025-05-06,Little Miss Sunshine,2006,https://boxd.it/29EW,4.5
2025-05-10,Final Destination,2000,https://boxd.it/1YrC,3
2025-05-12,Final Destination 3,2006,https://boxd.it/1Z40,2
2025-05-12,The Final Destination,2009,https://boxd.it/1EmW,1.5
2025-05-15,Final Destination 2,2003,https://boxd.it/1YSS,3
2025-05-16,Final Destination Bloodlines,2025,https://boxd.it/l5y4,3
2025-05-20,A Bronx Tale,1993,https://boxd.it/28uQ,4
2025-05-21,Mission: Impossible II,2000,https://boxd.it/29cS,3
2025-05-23,Mission: Impossible – The Final Reckoning,2025,https://boxd.it/l7A2,3.5
2025-05-23,Evil Dead Rise,2023,https://boxd.it/qIvo,2.5
2025-05-26,The Wolf House,2018,https://boxd.it/i1vE,4.5
2025-05-27,Lost Highway,1997,https://boxd.it/29Wc,4.5
2025-05-27,"Synecdoche, New York",2008,https://boxd.it/23zw,4.5
2025-05-28,The Elephant Man,1980,https://boxd.it/27LQ,4
2025-05-29,The Cranes Are Flying,1957,https://boxd.it/169Y,5
2025-05-30,Karate Kid: Legends,2025,https://boxd.it/CeNc,3
2025-05-30,Amores Perros,2000,https://boxd.it/2bfu,4.5
2025-06-02,Shorts,2009,https://boxd.it/1wl2,2
2025-06-02,Bohemian Rhapsody,2018,https://boxd.it/f1TK,3.5
2025-06-03,I Dream in Another Language,2017,https://boxd.it/bZ5M,5
2025-06-04,Jamon Jamon,1992,https://boxd.it/24dQ,4.5
2025-06-12,George Harrison: Living in the Material World,2011,https://boxd.it/RWdM,3.5
2025-06-17,How to Train Your Dragon,2025,https://boxd.it/F7Je,3.5
2025-06-20,Birdemic 2: The Resurrection,2013,https://boxd.it/5HK6,1.5
2025-06-20,Birdemic 3: Sea Eagle,2022,https://boxd.it/r9Iu,1
2025-06-20,28 Years Later,2025,https://boxd.it/FEGM,3
2025-06-21,27 Dresses,2008,https://boxd.it/21x4,3
2025-06-24,Free Solo,2018,https://boxd.it/iEEq,4
2025-06-24,The Piano Teacher,2001,https://boxd.it/2886,4.5
2025-06-26,F1,2025,https://boxd.it/yjVM,4
2025-06-27,Irreversible,2002,https://boxd.it/29as,3.5
2025-07-03,Jurassic World Rebirth,2025,https://boxd.it/KUeE,2
2025-07-09,The Big Lebowski,1998,https://boxd.it/2b6C,5
2025-07-09,Funeral Parade of Roses,1969,https://boxd.it/28Cg,4.5
2025-07-11,Ben-Hur,1959,https://boxd.it/29RQ,4.5
2025-07-11,The Godfather Part II,1974,https://boxd.it/2aNq,5
2025-07-11,The Godfather,1972,https://boxd.it/2aNK,4.5
2025-07-11,Barbie: Fairytopia,2005,https://boxd.it/1Quo,3
2025-07-13,Gentlemen Prefer Blondes,1953,https://boxd.it/29Hc,3.5
2025-07-14,The Dark Knight,2008,https://boxd.it/2b0k,4.5
2025-07-15,The Lego Batman Movie,2017,https://boxd.it/azp0,4
2025-07-15,Semi-Pro,2008,https://boxd.it/1Qw0,3
2025-07-15,Kangaroo Jack,2003,https://boxd.it/1VMM,2.5
2025-07-17,Superman,2025,https://boxd.it/E9IU,3
2025-07-17,Uncle Buck,1989,https://boxd.it/26yG,4
2025-07-20,The Phantom of the Opera at the Royal Albert Hall,2011,https://boxd.it/2CMK,5
2025-07-25,Bride of Frankenstein,1935,https://boxd.it/2aPc,4.5
2025-07-25,KPop Demon Hunters,2025,https://boxd.it/ufwK,3.5
2025-07-27,Happy Gilmore 2,2025,https://boxd.it/M8PQ,3
2025-08-01,The Naked Gun,2025,https://boxd.it/Da9k,3.5
2025-08-01,The Naked Gun 2½: The Smell of Fear,1991,https://boxd.it/18Yu,3
2025-08-01,Naked Gun 33⅓: The Final Insult,1994,https://boxd.it/1afQ,3
2025-08-07,Freakier Friday,2025,https://boxd.it/GxwW,3
2025-08-10,Heretic,2024,https://boxd.it/H1lY,3
2025-08-11,Destino,2003,https://boxd.it/1cMM,4
2025-08-11,The God Man,2025,https://boxd.it/UBlQ,3.5
2025-08-11,Long-Haired Hare,1949,https://boxd.it/Fi,4.5
2025-08-11,Don't Hug Me I'm Scared 2,2014,https://boxd.it/7wdu,3.5
2025-08-11,Don't Hug Me I'm Scared,2011,https://boxd.it/4afW,4
2025-08-11,Don't Hug Me I'm Scared 6,2016,https://boxd.it/e9Ne,3.5
2025-08-11,Don't Hug Me I'm Scared 4,2015,https://boxd.it/b094,3.5
2025-08-11,Don't Hug Me I'm Scared 3,2014,https://boxd.it/9ytS,3
2025-08-11,Don't Hug Me I'm Scared 5,2015,https://boxd.it/cKU8,3.5
2025-08-11,13th,2016,https://boxd.it/elNg,5
2025-08-11,Titan: The OceanGate Submersible Disaster,2025,https://boxd.it/SMHk,3.5
2025-08-12,No Other Land,2024,https://boxd.it/KOTG,5
2025-08-16,Weapons,2025,https://boxd.it/EMTM,3
2025-08-27,Harakiri,1962,https://boxd.it/1NTU,4.5
2025-08-27,JoJo's Bizarre Adventure: Stardust Crusaders,2014,https://boxd.it/R17s,4
2025-08-27,JoJo's Bizarre Adventure: Diamond is Unbreakable,2016,https://boxd.it/R186,4
2025-08-27,JoJo's Bizarre Adventure: Golden Wind,2018,https://boxd.it/R18g,4
2025-08-27,JoJo's Bizarre Adventure: Stone Ocean,2021,https://boxd.it/R18q,3
2025-08-27,JoJo's Bizarre Adventure: Phantom Blood,2012,https://boxd.it/R17i,3
2025-08-27,JoJo's Bizarre Adventure: Phantom Blood,2007,https://boxd.it/dw0M,3
2025-08-27,JoJo’s Bizarre Adventure: Battle Tendency,2012,https://boxd.it/R17W,4
2025-08-27,Samurai Champloo,2004,https://boxd.it/o8go,5
2025-09-05,Eddington,2025,https://boxd.it/o6MC,3.5
2025-09-06,The Conjuring: Last Rites,2025,https://boxd.it/Dh8e,2.5
2025-09-08,The Cabinet of Dr. Caligari,1920,https://boxd.it/2aOo,4.5
2025-09-09,Boogie Nights,1997,https://boxd.it/23um,5
2025-09-15,The Long Walk,2025,https://boxd.it/mic8,3
2025-09-27,One Battle After Another,2025,https://boxd.it/DUHM,4.5
2025-09-28,Lords of Dogtown,2005,https://boxd.it/1XOg,4
2025-10-03,The Smashing Machine,2025,https://boxd.it/syUC,3.5
2025-10-10,Antichrist,2009,https://boxd.it/1Inu,3.5
2025-10-11,Licorice Pizza,2021,https://boxd.it/qTKY,3
2025-10-15,House on Haunted Hill,1959,https://boxd.it/1Ln8,3
2025-10-20,The Lost Bus,2025,https://boxd.it/KYKE,3.5
2025-10-20,Black Phone 2,2025,https://boxd.it/JpbW,3
2025-10-24,Shrek the Halls,2007,https://boxd.it/1QgG,2.5
2025-10-24,Maleficent,2014,https://boxd.it/3v1u,2
2025-10-27,Gone Girl,2014,https://boxd.it/6hQu,4.5
2025-10-27,War of the Worlds,2005,https://boxd.it/2bde,3.5
2025-10-27,The Sixth Sense,1999,https://boxd.it/29Js,4.5
2025-10-31,Frankenstein,2025,https://boxd.it/Ecsg,4
2025-11-12,An American Werewolf in London,1981,https://boxd.it/29yk,3.5
2025-11-12,Disfluency,2018,https://boxd.it/iwIE,4
2025-11-13,Atonement,2007,https://boxd.it/24ui,4
2025-11-15,Now You See Me: Now You Don't,2025,https://boxd.it/f3i2,3
2025-11-21,Wicked: For Good,2025,https://boxd.it/AyfK,3.5
2025-11-26,Zootopia 2,2025,https://boxd.it/F0vO,3
2025-11-28,The Running Man,2025,https://boxd.it/u36A,3.5
2025-11-30,The Apprentice,2024,https://boxd.it/IPqG,4
2025-11-30,Music by John Williams,2024,https://boxd.it/EIDK,3.5
2025-11-30,Frankenstein: The Anatomy Lesson,2025,https://boxd.it/YLGC,4
2025-12-01,Snow Bear,2024,https://boxd.it/KDCa,4
2025-12-03,Rental Family,2025,https://boxd.it/JQOw,4.5
2025-12-06,Five Nights at Freddy's 2,2025,https://boxd.it/KEvY,2.5
2025-12-08,Hamnet,2025,https://boxd.it/woVy,4
2025-12-09,Die Hard,1988,https://boxd.it/2a7u,4.5
2025-12-10,World of Tomorrow,2015,https://boxd.it/9Gr6,5
2025-12-10,Anastasia,1997,https://boxd.it/1YFk,3.5
2025-12-13,Kill Bill: The Whole Bloody Affair,2006,https://boxd.it/eCrQ,4
2025-12-13,Problem Child,1990,https://boxd.it/1UH2,3
2025-12-13,Beverly Hills Ninja,1997,https://boxd.it/1Ydg,2
2025-12-13,That's My Boy,2012,https://boxd.it/35IW,2
2025-12-14,The Ninth Gate,1999,https://boxd.it/29YM,3
2025-12-14,Chinatown,1974,https://boxd.it/29vU,5
2025-12-15,The Princess Bride,1987,https://boxd.it/26EY,3.5
2025-12-16,I Am Sam,2001,https://boxd.it/1V04,4
2025-12-16,Michael Jackson's Thriller,1983,https://boxd.it/3e76,4.5
2025-12-17,When Harry Met Sally...,1989,https://boxd.it/29W2,4.5
2025-12-18,The Muppet Christmas Carol,1992,https://boxd.it/1WgC,3.5
2025-12-18,Bugonia,2025,https://boxd.it/qeWY,4
2025-12-21,The Battle of Algiers,1966,https://boxd.it/1IRY,5
2025-12-21,Memento,2000,https://boxd.it/2bcK,4
2025-12-21,The Secret of Kells,2009,https://boxd.it/1sMI,4
2025-12-21,Eternity,2025,https://boxd.it/LYtK,4
2025-12-22,Avatar: Fire and Ash,2025,https://boxd.it/2W7s,3.5
2025-12-23,Self/less,2015,https://boxd.it/71yw,2
2025-12-24,Marty Supreme,2025,https://boxd.it/Off0,4
2025-12-26,Cast Away,2000,https://boxd.it/20i8,4
2025-12-29,Anaconda,2025,https://boxd.it/KV9g,2.5
2026-01-02,Tangerine,2015,https://boxd.it/9QRe,4
2026-01-08,Mishima: A Life in Four Chapters,1985,https://boxd.it/1sBA,5
2026-01-08,Good Time,2017,https://boxd.it/fcFu,4
2026-01-08,Heaven Is for Real,2014,https://boxd.it/6Ykc,2.5
2026-01-08,FRED 3: Camp Fred,2012,https://boxd.it/4cHI,0.5
2026-01-08,"Kangaroo Jack: G'Day, U.S.A.!",2004,https://boxd.it/omE,2
2026-01-08,Big Fat Liar,2002,https://boxd.it/1STg,3
2026-01-08,Pink Floyd: Live at Pompeii,1972,https://boxd.it/1v90,4.5
2026-01-09,The Man Who Could Not Remain Silent,2024,https://boxd.it/MLW2,4
2026-01-10,Stranger Things 5: The Finale,2025,https://boxd.it/YqXW,2.5
